"Place Name",community_id,person_id
"Achung Namdzong",1428,2816
"Adu Yakgo ",1486,5824
"Adzom Gar",43,"2953; 8574; 9990; 13653; 13654; 13659; 13810"
"Adzom Wosel Dongag Chokher Ling",1741,13884
"Alchi Chokhor",1102,3152
"Alo Peljor Gang",571,4358
Amarbayasgalant,1192,7162
"Amchok Monastery",480,"6045; 7881; 7882"
"Amchok Tsenyi",718,12171
"Amdo Chubzang Monastery",340,"3883; 4524; 5479; 5490; 8861; 13867"
"Amnye Machen",1086,"2541; 3061; 4611; 9083; 13086"
Angang,501,6635
"Ani Tsemkhung",1022,3989
"Anja Ritro",1334,2399
"Ara Khamtsen",1246,7565
"Arik Gonchen",805,"6065; 12828"
"Aten Tsamkhang",1703,13865
"Ati Ling",1640,12981
"Atsagat Datsan",1049,"11437; 13510"
"Baḥne Monastery ",1321,"13617; 13688"
Bakha,1330,10811
"Banak Zhol Gyelkhang",865,11114
"Bangri Jokpo ",309,"9105; 11572"
Banshul,1041,8861
"Baradrak Dondrubding",1493,"3266; 9761; 9764; 13855; 13859"
Bardan,1588,"13743; 13825"
"Bardrok Dorje Ling",996,"11462; 11942"
"Barkor Mani Lhakhang",867,5805
"Barom Gon",70,"3181; 7637"
"Baruun Khiid",1200,13588
"Batang Drubgon",1322,13617
Benchen,1542,12839
"Benchok Ritro",1050,10093
Bengen,1415,12180
Bennak,1071,10083
"Beri Monastery",1219,13173
"Beru Lachen",1604,"4310; 12479"
"Beshing Monastery",1178,"7879; 9523"
"Bhutan House",1099,3307
"Bido Gonchen",398,"2788; 3296; 4665"
"Birla House",1470,7007
"Bo Gangkar Monastery",1429,"2730; 9278; 10355"
Bodhgaya,1158,"1728; 3307; 3822; 4261; 5527; 6037; 7007; 8536; 9985; 10355; 11385; 13230; 13628; 13648; 13697; 13773; 13811; 13812"
"Bodong E",612,"2338; 2340; 2733; 3153; 3753; 4086; 10480; 13206"
Bora,979,2409
Borobudur,1397,13648
Boudhanath,173,"2997; 3152; 4611; 5457; 7007; 7870; 8782; 9372; 10355; 11385; 12839; 13745"
"Boulder Shambhala Center",1447,"11231; 11385"
"Buchu Lhakhang",1120,"9513; 13239"
"Buddhistisk Center Kobenhavn",1508,11385
"Buxa Chogar Tosam Tardo Ling",1473,"7007; 8612; 12479"
"Central Institute of Buddhist Studies",1411,13652
"Central Monastic Body",1758,"7601; 7676; 7815; 7895; 7918; 8343; 8397"
"Central Tibetan Administration",1543,"9983; 13519; 13545; 13549; 13583; 13611"
"Chagdud Dechen Ling",1638,12981
"Chagdud Orgyen Ling",449,"4125; 12981"
"Chakar Monastery",590,6285
Chakpori,443,"2180; 2662; 3134; 3955; 4358; 6205; 8538; 8906; 9442; 9839; 13654; 13693; 13694; 13806"
"Chakri Nyidrak Monastery",426,"6668; 8578; 9546; 10412; 10413; 10414; 10415; 11487"
"Chakzam Chuwori",563,"9469; 13205"
"Chamdo Jampa Ling ",237,"29; 2328; 2329; 2462; 2592; 3778; 3782; 3783; 3784; 3785; 3786; 3788; 3789; 3791; 3792; 3793; 3794; 3795; 3877; 3989; 4002; 4285; 5137; 5897; 6340; 6373; 6770; 6793; 6935; 8076; 8085; 8101; 8103; 9126; 9693; 9750; 11565; 11597; 11618; 13078; 13097; 13098; 13099; 13100; 13101; 13102; 13103; 13104; 13105; 13106; 13107; 13108; 13109; 13110; 13404; 13423"
"Changlung Choding ",109,13064
"Changlung Monastery",1249,4358
"Changma Gar",526,"5122; 10457"
"Changra Samdrubtse",1687,"2720; 7581"
Charasa,1418,7305
"Chekar Chode",198,"12828; 13541"
Chekha,435,5791
Chemrey,234,10536
"Chenye Monastery",1218,"5500; 7114"
"Cheri Monastery",307,"7622; 7803; 7815"
Chimilung,1247,7565
"Chitokha Puntsok Rabten Ling ",381,"3000; 7644; 13133"
Chobar,1653,13773
"Choding Monastery",134,10824
"Chodrak Gon",1226,4125
"Choje Monastery",209,"4358; 8752; 11632"
"Chokhor Gang",1197,11285
"Chokhor Gyel",466,"4141; 4720; 5901; 6874; 8108; 9361; 11114"
"Chokhor Ling",1476,"4309; 7007"
"Chokhor Tse",106,"2434; 13064"
"Chokhor Uding",186,13026
"Cholung Jangtse",119,"2670; 2712; 4085; 11437"
"Chone Ganden Shedrub Ling",354,"2788; 2926; 2931; 3072; 5652; 5706; 5897; 6331; 6332; 6333; 6334; 6335; 6336; 6337; 6338; 6339; 6341; 6342; 6343; 6344; 6345; 6346; 6348; 6349; 6350; 6353; 7881; 13502; 13507; 13544; 13547; 13550"
"Chopra House",1471,7007
"Chorten Kyak",502,6635
"Chorten Tang Tashi Dargye Ling ",441,"2755; 3134; 3739; 6419; 9873"
"Chozang Ritro",1152,3225
"Chubar Hermitage",1068,"3877; 10835"
Chubzang,112,"4497; 6466; 9574"
"Chubzang Hermitage (Sera)",1021,"3989; 4000; 4309; 6009"
"Chukha Monastery",597,5626
"Chukyer Gonsar",235,11352
Chumik,1329,"4086; 12838"
"Chunak Tashi Choling",442,3134
"Chung Riwoche ",115,"3004; 9030; 13065"
"Chungchen Peldzong",1296,9990
Chungtang,1552,9761
"Chushur Tarpa Ling",827,6065
"Chuwar Monastery",1292,13240
CIHTS,1707,40
"Dab Yangteng Monastery",351,4487
Dachen,1365,10961
Daci'ensi,1378,13633
"Dagam Wangpuk",1430,"4358; 7442; 8181"
"Dago Monastery",1212,"8972; 10018"
"Daklha Gampo",63,"620; 2584; 2589; 2595; 2662; 2683; 3121; 3165; 3168; 3169; 3175; 3182; 7523; 9126; 10258; 13242"
"Dakpo Draka",217,2683
"Dakpo Dratsang ",298,"3171; 4489; 7093; 7565; 8107; 8109; 9062"
Daktok,1398,13650
"Dambadarjaa Monastery",1295,7069
Damtok,1488,4820
Dangkhar,1394,8108
"Dar Chode",310,6286
"Dar Drangmoche",33,"2338; 4310; 5858; 10548; 12613; 13721"
"Dargye Monastery",266,"5381; 8103"
"Darnga Hermitage",204,8752
"Darpoling Tsenkhang",911,10687
"Dartang Monastery",567,"8753; 8754; 8757; 8892; 8972; 9083; 11003; 12171"
"Dartsang Kelzang Monastery",957,"9688; 10083"
"Dashchoilin Khiid",1679,11437
"Datsan Gunzechoinei",1055,13510
Datsang,1487,5824
Datsen,1043,8861
"Dechen Sangngak Khar",343,"4265; 4276; 4489; 4494; 5706; 6286; 6466; 6526; 8108; 8109"
"Dechen Teng",231,"9201; 9634"
Dechenpuk,1270,10442
"Dedzom Gatsel",496,1564
"Demola Monastery",279,"3778; 3788; 3789; 3791; 6340; 6690; 13096; 13113"
"Den Chokhor",256,"8085; 13094"
"Denang Monastery",489,7945
Densatil,64,"2539; 2595; 2799; 2899; 3121; 3736; 4086; 4358; 4368; 6159; 6756; 7636; 8474; 10835; 11141; 11877; 13073; 13437; 13707"
"Dentik ",290,"2441; 2948; 4607; 9618"
"Derge Parkhang",412,"3485; 4358; 6499; 9383; 10699; 11972; 12741; 13532; 13533"
"Dezhung Monastery",179,"10355; 10815; 12500; 12980"
"Dhagpo Kagyu Ling",1507,11385
"Dharma Swami Buddha Vihara",1594,"12479; 13745"
Dilyak,1701,13860
"Dingma Monastery",251,2340
Dingpoche,1157,"7429; 13863"
"Dingri Langkhor",711,"2510; 2806; 5644; 6721"
Diskit,1417,"7305; 7525"
"Ditsa Tashi Choding ",375,"2788; 2945; 2948; 3296; 3866; 3889; 3977; 8861; 9712; 13698"
"Do Dorje Drak",1323,13617
"Do Dzong Hermitage",1646,"3436; 3627; 9612"
"Dobi Ganden Pelgye Ling",372,"4611; 4642"
"Dodedrak Monastery ",386,8028
"Dodrubchen Monastery",48,"2541; 4185; 4272; 4676; 9579; 12171"
Dodzong,159,7636
"Dokho Monastery",1743,12980
Doling,1528,13687
"Dongkar Dzong",1285,6874
Dongtok,1630,13806
"Dongtre Samten Ling",569,7718
Dopuk,499,6635
"Dori Hermitage",491,7945
"Doring Manor House",852,5306
"Dorje Drak",11,"2997; 3006; 3866; 3883; 8181; 8964; 8975; 9126; 9158; 9169; 9254; 9383; 9513; 9935; 13190; 13191; 13617; 13654; 13689; 13817"
Dosib,1563,13707
"Drak Lhalubuk",1359,6205
"Drak Yerpa",862,"2819; 4358; 4490; 8538; 9126; 9618; 10083; 12839"
"Drak Yongdzong",863,"3006; 4358; 4626; 5151; 7442; 8474; 8857; 9126; 9169; 9579; 9935; 10373; 13189; 13707"
Drakkar,1556,3485
"Drakkar Gepel Ling",587,12785
"Drakkar Gyelmo",461,"2926; 3080; 4607; 6536; 7105"
"Drakkar Jago",1366,10961
"Drakkar Tashiding",1144,"9761; 11741; 13687"
"Drakkar Taso",1232,"2758; 3178; 9634; 10355"
"Drakkar Treldzong",1711,9083
"Drakkar Treldzong Monastery",716,4611
"Draklha Gampo",1710,9083
"Drakmar Drinzang",1356,"9574; 12171"
"Drakmar Keutsang",1465,"7442; 13654"
"Drakram ",96,"2812; 2823; 4113"
"Drakri Hermitage",841,13683
"Draksum Puri",1137,13112
"Drakwar Monastery",326,7083
Dramagang,1562,"8507; 10355"
"Dranang Jampa Ling",1373,"5894; 13863"
Dranggo,1108,8754
Dranggyekha,1532,"3266; 9761"
"Drangjekha ",417,7874
Drango,448,13171
"Drapu Choling",1546,"9761; 13859"
Dratang,52,"3006; 3937; 4358; 7114; 11285; 13863"
"Drati House",1268,5485
"Drayab Monastery",1281,2591
"Drentang Monastery",1250,7326
"Drepung (India)",1472,"7007; 8156"
"Drepung Deyang College",908,13725
"Drepung Gomang Dratsang",342,"1564; 2393; 2436; 2441; 2442; 2456; 2758; 2784; 2872; 2996; 3008; 3064; 3086; 3173; 3307; 3758; 3769; 3866; 4163; 4206; 4380; 4488; 4490; 4493; 4607; 4642; 4720; 5317; 5328; 5338; 5360; 5729; 5796; 6161; 6185; 6466; 6493; 6502; 6505; 6548; 6622; 6635; 6646; 6670; 6731; 7162; 7170; 7232; 7882; 8184; 9055; 9254; 9693; 10394; 11437; 13182; 13183; 13195; 13202; 13510"
"Drepung Loseling College",355,"4000; 4092; 4276; 4277; 4494; 4495; 4499; 5381; 6498; 7007; 7743; 7895; 9050; 9051; 11131; 13109; 13628; 13652; 13683; 13823"
"Drepung Monastery",38,"29; 1637; 1901; 2327; 2328; 2330; 2339; 2399; 2436; 2462; 2506; 2758; 2787; 2912; 2949; 3008; 3040; 3064; 3085; 3107; 3225; 3307; 3758; 3782; 3866; 3877; 3955; 3989; 4092; 4141; 4259; 4285; 4314; 4535; 4730; 5317; 5338; 5805; 5849; 5871; 5897; 6009; 6065; 6110; 6161; 6286; 6470; 6535; 6536; 6670; 6746; 6874; 6910; 6935; 6953; 6997; 7007; 7107; 7162; 7232; 8103; 8986; 9062; 9126; 9213; 9254; 9839; 9873; 10579; 11114; 11131; 11437; 11565; 11731; 12096; 12828; 12883; 13026; 13168; 13182; 13423; 13519; 13596; 13625; 13628; 13652; 13683; 13694; 13708; 13725; 13737; 13740; 13743; 13744; 13822"
"Drepung Ngakpa Dratsang",909,"5461; 6646"
"Drepung Zurkhang",543,10623
"Dreyul Kyetsel ",275,"1985; 3004; 3152; 3736; 7370; 9213; 10528; 13721"
"Drigung Til",82,"61; 620; 2561; 2584; 2595; 2606; 2774; 2789; 2899; 3010; 3890; 3902; 3903; 3904; 3906; 3936; 3939; 5997; 6134; 6138; 6147; 6405; 6578; 6721; 7038; 7040; 7637; 8181; 8964; 9171; 10093; 10536; 10824; 11299; 12405; 13230; 13232; 13233; 13236; 13237; 13238; 13239; 13240; 13242; 13429; 13430; 13431; 13432; 13433; 13434; 13435; 13436; 13437; 13438; 13439; 13440; 13442; 13443; 13445; 13446; 13447; 13448; 13450; 13613; 13625; 13821"
"Drilma Sangngak Choding",1693,13855
Drinyendong,1466,"7442; 8181"
"Driru Drubde",1023,3989
"Driru Gon",255,6770
"Drokge Monastery",1282,1869
"Drolma Podrang",938,13186
"Dromda Monastery",350,5796
Drongtse,838,"4265; 5426"
Drotsang,373,"1871; 6161"
Drugu,404,"29; 4285; 9750; 13106; 13107; 13108; 13109; 13110"
"Drugu Gon",1017,8782
"Druk Jangchub Choling",1236,"11865; 11909"
"Druk Monastery",145,6671
Drukto,1747,12980
Drula,323,"2819; 4492; 13113"
"Drumpa Manor House",1561,"9289; 13722; 13725"
"Drumpa Monastery",1694,13855
Dubdi,1526,13687
"Ducho Labrang",936,"10591; 13186"
"Dudjom Gonpa  ",1718,10019
"Dudjom Namdrol Choling",1730,13884
"Dundul Rabtenling",1716,10019
Dungdo,1564,13707
Dungkar,1089,13540
"Dungsam Riwo Tengyeling",1256,"13121; 13123; 13124"
"Durpin Monastery",1714,10019
Dzagyel,1171,"4185; 4425; 9579; 13819"
Dzaka,954,"8538; 8551; 12980"
"Dzamling Gar",1755,9278
Dzamtang,206,"1869; 4358; 7272; 8752; 11632; 11731"
"Dzamtang Gepel Hermitage",976,7272
"Dzato Changmai Monastery",1284,11741
Dzigar,1114,5641
"Dzinda Neseb",1496,"12741; 13248; 13679"
Dzingchi,829,"4276; 5706; 6874; 8354"
"Dzogchen Monastery",12,"2069; 2992; 3020; 3436; 3485; 4185; 4228; 4272; 4358; 4425; 4622; 4659; 4676; 4691; 4986; 4987; 5024; 5041; 5044; 5048; 5078; 5099; 5115; 5117; 5120; 5121; 5164; 5166; 6470; 6668; 7551; 7559; 7581; 8181; 8507; 8538; 8574; 8578; 8782; 8825; 9047; 9126; 9203; 9213; 9278; 9355; 9383; 9525; 9546; 9579; 9585; 9588; 9589; 9593; 9594; 9601; 9612; 9622; 9646; 9884; 9895; 10068; 10093; 10146; 10169; 10355; 10412; 10413; 10414; 10415; 10617; 10827; 10828; 10832; 11426; 11427; 11432; 11435; 11443; 11444; 11445; 11487; 11488; 11489; 11491; 11741; 12553; 12906; 12980; 13148; 13149; 13150; 13151; 13152; 13162; 13163; 13178; 13181; 13204; 13654; 13659; 13679; 13688; 13850"
"Dzogchen Yamāntaka Cave",1335,"4425; 9585; 11488"
"Dzoge Monastery ",397,"2788; 7170; 7881"
Dzogon,1255,4358
"Dzong Chode",1603,"12479; 13790"
Dzonggo,1499,12741
Dzonggo,1313,4358
"Dzonggo Ling",1536,"12839; 13749"
"Dzongkar Monastery",497,"2469; 6635; 13201; 13202; 13203"
Dzongsar,180,"4228; 4291; 4358; 4820; 8181; 8507; 8536; 8538; 9047; 9278; 9594; 9622; 9990; 10355; 10815; 11231; 11385; 11741; 12180; 12500; 13139; 13455; 13533; 13653; 13654; 13677; 13697; 13702; 13747; 13749; 13795; 13811"
Dzongsho,989,"4291; 4358; 8181; 12180"
"Dzonyak Samdrub",1497,13679
"E Rigo Chode ",424,9062
"Emei Shan",1164,"6489; 10536; 11488"
Ensa,1419,7305
"Erdene Zuu",1204,"7069; 13588"
"Evaṃ Monastery",370,"6738; 8964"
"Ga Benchen Monastery",1187,"8825; 11385"
"Ga Nyide",511,1831
Gadong,823,"5693; 8986"
"Gagu Hermitage",1464,"4820; 10355; 13654"
Galenteng,1404,"9278; 9594; 13654"
"Gampo Zanglung",971,3165
"Gandan Tegchenling",1280,11437
Ganden,36,"1637; 1852; 2327; 2328; 2418; 2456; 2462; 2523; 2814; 2819; 2871; 2872; 2912; 2952; 3107; 3171; 3173; 3307; 3762; 3782; 3989; 4092; 4141; 4206; 4228; 4259; 4265; 4276; 4277; 4278; 4279; 4280; 4282; 4314; 4487; 4488; 4489; 4490; 4492; 4493; 4494; 4495; 4496; 4497; 4498; 4499; 4500; 4535; 4669; 5317; 5371; 5381; 5415; 5480; 5485; 5490; 5706; 5777; 5796; 5805; 5849; 5871; 5901; 5932; 5953; 6219; 6286; 6340; 6466; 6493; 6498; 6526; 6648; 6690; 6746; 6793; 6872; 6910; 6953; 6978; 6979; 6997; 7083; 7093; 7182; 7230; 7294; 7305; 7743; 7870; 8027; 8086; 8097; 8099; 8105; 8106; 8107; 8108; 8109; 8986; 9049; 9050; 9051; 9053; 9055; 9056; 9057; 9058; 9059; 9062; 9083; 9095; 9213; 9254; 9795; 9839; 9873; 10480; 10687; 11131; 11731; 12817; 12883; 13502; 13519"
"Ganden (India)",1477,"7007; 8156"
"Ganden Chokhor Ling",1559,5805
"Ganden Jangtse College ",315,"1564; 2327; 2456; 2523; 2814; 2871; 2872; 2952; 4265; 4277; 4278; 4282; 4488; 4492; 4494; 4496; 4499; 4524; 5415; 5490; 5901; 5932; 5953; 6498; 6729; 6872; 7083; 7182; 7230; 7870; 8107; 8108; 8109; 9050; 9053; 9055; 9795; 10957; 12817"
"Ganden Mamo",1206,2662
"Ganden Mipam Choling",530,5338
"Ganden Pelgye Ling",1475,7007
"Ganden Rinchen Ling",345,5729
"Ganden Shartse College",319,"2787; 2819; 4092; 4206; 4276; 4279; 4280; 4309; 4487; 4489; 4493; 4495; 4497; 4498; 4500; 4727; 5371; 5490; 5706; 6466; 6648; 6978; 7007; 7743; 8086; 8097; 8105; 8106; 8612; 9049; 9051; 9056; 9057; 9058; 9059; 9753; 11131"
"Ganden Shedrub Ling",540,2330
"Ganden Shedrub Pekar Drolwai Ling",363,13507
"Ganden Tashi Choling",454,5897
"Ganden Tritok Khang (India)",1474,7007
"Gangchen Chopel",192,"2427; 12521"
"Gangri Tokar",1303,"2882; 3152; 5024; 11741; 12980; 13811"
"Gangteng Monastery ",382,"3000; 4379; 4478; 13133; 13142; 13143; 13145; 13146"
"Gangya Drakkar Gon",465,4607
Garje,1013,"8624; 9190; 13511"
"Garmo Chodzong",188,"12883; 13026"
"Garpa Ritro",1469,7007
Gartar,476,"3107; 6099; 6499; 9693; 13226"
"Gartse Tubten Chokhor Ling",481,6045
"Gechak Monastery",1535,"12839; 13861"
"Geden Sheddup Choikorling",1681,11437
Gegong,444,"9593; 10093; 11741"
"Gegyel Dzogchen",522,5099
Gemang,422,"9601; 13162; 13163"
"Gemang Ritro",1182,9622
Gemi,1602,"12479; 13790; 13791"
"Genden Chopeling",356,"2926; 4494; 7170"
"Gepel Hermitage",842,"1637; 6548; 6646"
Geri,1706,3417
"Geting Ganden Choling ",399,"3977; 4665"
"Getse Dralek",421,"2118; 4691; 7254; 8618; 9579; 9895; 10673; 10676; 10678; 12980; 13884"
Gharung,97,4115
"Ghoom Monastery",1715,10019
"Ghum Yiga Choeling",1524,13687
"Gojo Banak",1211,"10018; 11278"
"Gome Oseltang",509,9929
"Gongkar Chode",615,"4249; 5408; 11285; 13863"
"Gongto Sergyi Lhakhang ",389,4372
"Gonlung Jampa Ling",156,"2409; 2436; 2441; 2442; 2506; 2755; 2996; 3008; 3107; 3141; 3225; 3296; 3758; 4665; 4730; 5410; 5436; 5490; 5729; 5899; 5902; 6161; 6526; 6586; 6646; 8861; 9690; 9873"
Gonsar,835,9703
"Gontang Bumpa",1351,4358
"Gorina Kunang Osel Ling ",392,"8343; 8355; 11352"
Gotsa,1752,9935
"Gotsang Hermitage ",149,3759
"Green Tara Center",1682,11437
"Guru Pema Evaṁ Chokgar",516,9052
Guzi,1491,12553
"Gyachak Ri",227,3168
"Gyakhar Gar",1254,"5490; 6529"
"Gyama Rinchen Gang",1399,8354
"Gyari Castle",1075,"11796; 12865; 13536; 13537; 13538; 13539; 13541; 13542; 13543; 13558; 13559"
"Gyarong Khamtsen",1369,"13628; 13683"
"Gyarong Takten Nampar Gyelwai Ling",432,"8578; 13828"
"Gyel Kartse Palace",1198,"1974; 11285"
"Gyel Lhakhang",216,"2683; 6452"
Gyelje,837,"4267; 4497; 6286; 13724"
"Gyelmo Murdo",1621,13810
"Gyelrong Ritro",1015,9546
Gyelse,1677,9895
"Gyeltang Sungtseling",369,"5901; 13666"
"Gyelteng Monastery",958,"3744; 8354"
"Gyelwa Sengge Ngaro Lhakhang",1185,9523
Gyere,551,7294
"Gyume Dratsang",190,"1564; 2327; 2418; 2442; 2456; 2523; 2755; 2814; 2872; 2974; 3171; 3173; 3762; 3792; 4277; 4279; 4282; 4488; 4494; 4496; 4499; 4501; 5317; 5415; 5480; 5485; 5729; 5777; 5796; 5932; 5953; 6498; 6526; 6622; 6646; 6670; 6872; 7182; 7230; 7565; 7870; 8106; 8107; 8108; 9053; 9055; 9058; 9062; 9213; 9795; 12521"
"Gyuto Dratsang",316,"2419; 2819; 2952; 3307; 3743; 3877; 3989; 4206; 4276; 4278; 4280; 4309; 4487; 4489; 4490; 4492; 4493; 4495; 4497; 4498; 4500; 5371; 5381; 5432; 5652; 5706; 5901; 6466; 6648; 6978; 6979; 7007; 7743; 8086; 8105; 8109; 8612; 9049; 9050; 9051; 9056; 9057; 9059; 9213; 11131; 12817"
Hanle,233,10536
"Hardong Khamtsen",1229,5317
Hemis,232,"7803; 10536; 13825"
"Hepo Ri",1348,"303; 4358"
"Hiraṇyavarṇa Mahāvihāra",1539,12839
"Horkhang Manor House",729,2424
"Horkor Gon",520,5099
"Ikh Khuree",947,"3307; 4302; 7069; 7162; 13510; 13588"
"Indo Tibetan Buddhist Cultural Institute",1370,13628
"Iron Knot Ranch",1732,13884
"Ivolginsky Datsan",1413,13652
"Jakhyung Monastery",358,"2506; 2788; 2854; 2948; 2996; 3296; 4496; 5415; 5490; 5706; 6161; 6526; 7169; 13176"
Jakrong,1005,5871
"Jamchen Lhakhang",1591,12479
"Jamyang Mawai Sengge Ling ",408,4727
"Jang Tana ",158,"2539; 7636; 12839; 13836; 13837; 13838; 13839; 13840; 13841; 13861; 13862"
Jangchen,575,"3762; 12828"
Jangchen,136,10687
"Jangchub Chokhor Ling",1554,1659
Janggang,1109,8754
"Jangkar Monastery",1673,9895
"Jangsa Gompa",1722,10019
"Japuk Dongak Dargye Ling",271,6793
"Jasa Lhakhang",1500,12479
Jazi,518,11603
"Jekhar Chode Gon",1545,13694
"Jetsun Sakya Center",1574,"10355; 12479"
"Joden Gendungang ",246,"3671; 4164"
"John Giorno Foundation",1688,10019
"Jomo Kharak",1136,6037
"Jonang Monastery",90,"1869; 2491; 2670; 2712; 2790; 2801; 2812; 2943; 3936; 3937; 3938; 3940; 4085; 4113; 4115; 4119; 4166; 4167; 4168; 4170; 5408; 6257; 6278; 6874; 9030; 9482; 9634; 11183; 11307; 11632; 11731; 13064; 13065"
"Jumohor Sangngak Choling",470,4228
"Junyung Hermitage",471,4228
"Jupu Monastery",76,6547
"Jyekundo Dondrub Ling",512,"1831; 2051; 3211; 4820; 8825; 9278; 10355; 10815; 12741; 13246; 13248; 13679"
"Ka-Nying Shedrub Ling",1504,"11385; 12839; 13820"
Kachok,1432,"3436; 10617"
"Kagyu Changchub Chuling",1457,12180
"Kagyu Droden Kunchab",1455,12180
"Kagyu Dzamling Kunchab",1454,12180
"Kagyu Dzong",1459,"11385; 12180"
"Kagyu Gonsar",1549,"9761; 9764; 13855; 13856; 13859"
"Kagyu Kunchab Chuling",1452,"11385; 12180"
"Kagyu Ling",1460,"11385; 12180"
"Kagyu Shenpen Kunchab",1458,"10355; 12180"
"Kagyu Thubten Chöling",1461,12180
"Kagyu Tsekchok Ling",1695,13859
Kailash,1084,"2733; 2758; 2789; 2806; 2899; 3178; 4611; 6526; 6671; 6681; 6856; 9278; 10536; 10546; 10644; 10835; 10961; 11385; 11741; 12403; 13086; 13139; 13174; 13230; 13232; 13740; 13743; 13787; 13883"
"Kak Chode",1601,12479
Kalapa,1052,4114
"Kamkam Monastery",1401,8354
"Kaṁpo Nenang",473,6489
Kanchendzonga,1396,13648
"Kandze Shedrub Norbu Ling",1608,3822
Karchen,407,4727
Kardza,1434,"3436; 3485; 3627; 9612; 10617"
"Karing Tashi Dargye Ling",504,2948
"Karma Chokhor Dechen Ling",1502,11385
"Karma Drubgyu Thargay Ling",1511,11385
"Karma Drupgyud Choeling",1512,11385
"Karma Gon",215,"1659; 2589; 2640; 2662; 2683; 2776; 4358; 5924; 5926; 5927; 5928; 8126; 8181; 8825; 9201; 10898; 11385; 12264; 13078; 13686"
"Karma Migyur Ling",1506,11385
"Karma Rimay O Sal Ling",1456,"11385; 12180"
"Karma Triyana Dharmachakra",1509,"10355; 11385"
"Karmê Chöling",1445,"11231; 11385"
Karsha,1423,"6076; 7305; 8156; 13823"
Karye,1723,"13877; 13878"
"Kathok Center",1739,13884
"Katog Ratna Ling",1740,13884
"Katog Rit'hröd",1735,13884
"Katog Tingdzin Ling",1734,13884
Katok,9,"2118; 2589; 2776; 2780; 2781; 2992; 3436; 4028; 4140; 4291; 4358; 4622; 4691; 5151; 7152; 7254; 7582; 7736; 8177; 8181; 8536; 8538; 8539; 8543; 8549; 8551; 8562; 8563; 8566; 8567; 8574; 8575; 8580; 8583; 8584; 8585; 8592; 8596; 8600; 8603; 8609; 8610; 8616; 8617; 8618; 8624; 8625; 8629; 8630; 8631; 8633; 9047; 9083; 9105; 9190; 9297; 9372; 9593; 9612; 9895; 9929; 9990; 10018; 10019; 10093; 10355; 10422; 10571; 10572; 10573; 10647; 10649; 10654; 10656; 10658; 10659; 10673; 10676; 10678; 12980; 12982; 13134; 13157; 13169; 13170; 13228; 13884"
"Katok Drakdong Ritro",1014,8624
"Katok Ritrö retreat center",1729,13884
"Katok Shedra Norbu Lhunpo",1173,9593
"Ke Mingyur Dorje Drak",1704,2992
"Kelzang Sanggye Choling Monastery",450,"4125; 11603; 13850"
Key,1414,7305
Khachar,1234,10497
"Khacho Deden",994,"2670; 4170; 11307"
"Khadro Ling",1642,12981
"Khagya Me Monastery",459,"5889; 6025; 7170; 13547"
"Khakyong Drak",961,7373
Khalek,1569,9047
"Kham Kyogon",703,13233
"Khamarin Khiid",1190,13588
"Khampa Gar",720,8825
"Khampa Gar (Tashi Jong)",1510,11385
"Khamshe Dargye Ling",445,"2069; 4820; 8507; 9278; 9593; 9622; 9990; 10355; 12180; 12500; 12553; 12742; 12743; 13707"
Khangmar,1243,2069
Khapung,1087,12100
Kharak,154,"3881; 6134"
"Kharchu Monastery",141,"2584; 4043; 8857; 9513; 11352; 13086"
"Khardo Hermitage",314,6175
"Kharta Tarpa Ling",834,2504
"Khawa Karpo",1083,"1659; 4028; 4291; 13109; 13139; 13659"
"Khawa Lungri",1291,8538
"Khemar Monastery",1244,8538
"Khordong Monastery",1316,"9945; 13617; 13688; 13689; 13810; 13817; 13879"
"Khoting Lhakhang",811,"4358; 5999"
Khyage,1091,"6353; 13547"
"Khyunggon Monastery",1265,9590
"Khyunglung Ngulkhar",1364,"6681; 10961; 13566"
"Khyungpak Tsang",263,13086
Khyungritang,1009,2784
Khyungtak,1633,"13697; 13811; 13828"
Kilung,1380,4622
Kīrti,413,"1852; 1901; 1903; 3049; 11569; 11575; 13168"
"Kīrti Namgyel Dechen Ling",484,"1575; 1901; 1902; 1903; 3049; 4196; 9703; 11569; 11575; 13168"
Kokonor,1142,"1871; 3883; 4611; 5871"
Kolri,1705,2992
"Kongpo Bonri",1258,"10961; 13188; 13221"
"Kongpo Chabkar",1037,9442
"Kumbum Jampa Ling",40,"2339; 2392; 2393; 2399; 2527; 2755; 2788; 2945; 2948; 2953; 2974; 2996; 3008; 3296; 3307; 3735; 3739; 3758; 3889; 4077; 5328; 5338; 5436; 5479; 5490; 5729; 5897; 5902; 6161; 6419; 6526; 7162; 7929; 8861; 8986; 9712; 9983; 12828; 13173; 13179; 13180; 13510; 13744"
"Kumbum Medical College",925,9712
"Kumbum Monastery",1175,"7641; 13572"
Kundeling,536,"4163; 4380; 5328; 10394"
"Kunga Choling",1194,7162
Kuntsar,1113,8754
"Kunzang Dechen Osel Ling",1453,"10355; 11385; 12180"
"Kunzang Odsal Palyul Changchub Choling ",1656,8972
"Kuso Togyel",1712,9083
"Kyangdur ",114,"2137; 11307"
Kyangtsang,1267,"10961; 13596"
"Kyichu Lhakhang ",393,8343
"Kyipuk Deden",995,"4170; 11307"
"Kyire School",1651,2424
"Kyoda Monastery",987,13078
"Kyodrak Monastery",1338,4358
"Kyormolung ",325,"4276; 5432; 6351; 8354; 9693; 9795"
Labchi,1163,"2899; 4611; 6856; 8454; 10536; 10835; 13240"
"Labrang Gyume Dratsang",1523,6646
"Labrang Gyuto Dratsang",1522,"2784; 7882"
"Labrang Hevajra College",922,"2758; 7881"
"Labrang Kālacakra College",920,"2943; 2996"
"Labrang Medical College",921,"2996; 13731"
"Labrang Shar",1220,"4217; 4219; 5408"
"Labrang Tashikhyil",41,"1901; 2235; 2237; 2238; 2409; 2436; 2495; 2506; 2521; 2758; 2784; 2787; 2788; 2943; 2948; 2949; 2953; 2996; 3008; 3064; 3074; 3080; 3086; 3134; 3296; 3733; 3758; 3769; 3866; 3889; 4196; 4607; 4642; 4720; 4730; 5338; 5410; 5436; 5490; 5889; 5902; 5910; 6025; 6045; 6110; 6198; 6350; 6353; 6502; 6505; 6529; 6535; 6536; 6622; 6634; 6646; 6731; 6760; 6818; 6928; 6929; 7105; 7107; 7170; 7876; 7876; 7877; 7879; 7882; 7937; 8069; 8128; 8184; 9523; 12171; 13176; 13547; 13731; 13866"
"Labsum Shedrub Ling",1479,"7007; 10355"
Labu,1578,13865
Lachab,1517,"12839; 13686; 13748; 13749; 13750"
"Lachen Monastery",1685,9764
"Ladring Chode",311,6219
"Lama Ling",1672,10019
Lamayuru,821,10199
"Lamo Dechen ",401,"2436; 2527; 2974; 3061; 3062; 3064; 3296; 3769; 6099; 6161; 8860; 8861; 13175; 13176"
"Lampar Monastery",537,10857
"Langling Monastery",1018,6770
Langna,447,"2051; 11883; 13186; 13806"
Langtang,199,"6285; 10644"
"Larung Gar",527,"2953; 10093; 10457; 13810; 13819"
Lautang,1435,"3436; 3627; 9612"
"Layak Guru Lhakhang",828,5588
"Legon Chokyi Podrang ",945,13440
"Lek Gon",1056,8574
"Lekdrub Dratsang",189,12521
"Lelung Monastery",1324,9361
"Lerab Ling",1613,13697
Lhachuk,75,6547
"Lhadong Gon",576,7775
"Lhadrang Monastery",1339,"4358; 9278; 13654"
"Lhadzong Tashigang ",390,7895
Lhagang,127,"4164; 10355; 10811; 12743"
"Lhakhang Labrang",937,"5626; 7545"
Lhalam,1516,"12839; 13686; 13692; 13747"
"Lhalung Gon",529,"2665; 5511; 9618; 13128"
"Lhalung Ritro",1560,13725
"Lhamo Latso",1221,"3307; 11114; 11437"
Lharitse,187,13026
"Lhasa Tsuklakhang ",877,"2953; 3152; 3169; 3182; 3307; 3736; 3822; 3866; 4168; 4358; 5805; 5824; 5897; 6009; 6065; 6076; 6646; 7162; 7305; 8455; 8538; 8964; 8986; 9105; 9469; 10811; 12980; 13652; 13683; 13724; 13805; 13816"
"Lhatel Rinchen Ling",129,2789
Lhateng,1205,"2683; 9201"
"Lhetag Monastery",425,9062
"Lho Chotritang ",286,"2328; 3778; 13096"
"Lhodrak Drowa Gon",293,"2592; 2593; 5817; 5818; 5819"
"Lhogyu Sera",487,7945
"Lhopa Khamtsen",1315,3877
"Lhundrub Deyang",388,4372
"Lhundrub Dzong",492,1564
Lhundrubteng,207,"8; 2336; 2720; 2953; 5641; 6499; 6668; 7581; 7803; 8507; 9105; 9278; 9594; 9622; 9990; 10355; 10617; 10644; 11290; 11883; 11972; 12745; 13187; 13249; 13511; 13512; 13513; 13514; 13515; 13528; 13532; 13533; 13654; 13699; 13700; 13702"
"Lhunpo Tse",574,3762
Likir,1103,"13737; 13823"
"Ling Khamtsen",1231,"7007; 11131"
"Ling Khamtsen (India)",1478,7007
"Lingga Dewachen ",249,"1898; 10591"
Lingshed,1662,13823
"Lingto College",1186,11597
"Lingtsang Labrang",879,7007
"Lingyin Temple",1609,3822
"Litang Chokhor Ling",137,12828
"Litang Nyingma Dratsang",1016,8603
"Lo Gekar",1593,"13790; 13791"
"Lo Monastery",1294,"5820; 7090"
"Longtang Drolma Lhakhang",181,"4358; 7326; 8578; 10815"
"Luchung Taktsang Gon",416,"6345; 6353"
Lukhang,878,"5871; 13683"
Lumbini,1494,"10355; 13745"
"Lung-ngon Monastery",1762,2953
"Lupuk Gonpa ",242,12096
"Magur Namgyel Ling",434,"3061; 6667; 8861"
"Mahā Kyilung",1431,"3485; 3627; 9612; 10617"
"Mahasiddha Nyingmapa Center",1725,13884
Manasarovar,1222,"2662; 2806; 6979; 9923; 12403; 13174; 13566; 13740; 13743; 13883"
"Mandal Gon",1183,"4358; 9622"
Mangdu,1180,6586
"Mangyul Jamtrin Lhakhang",1125,"13877; 13878"
Māratika,1073,"9; 7442; 9278; 13648"
"Martang Obten",482,6045
"Martsang Drak Gon",533,6161
Matho,1405,13652
Mawochok,553,"2810; 4358; 5999; 6010; 13843"
"Mejung Tosam Ling",923,"2943; 6646; 7879"
"Meldro Chakar Gon",318,"2871; 2891; 8354; 8964; 13195"
Men-tsee-khang,1530,"12439; 13693; 13694"
Menchu,117,3939
Mending,116,13065
"Menkhar Pende Ling",1036,5326
"Menlung Tashi Chopel Ling",1147,2943
"Menlung Trengpachen",1126,2427
Menri,244,"2980; 2987; 10961; 12096; 13118; 13132; 13135; 13140; 13174; 13220; 13221; 13531; 13596"
"Menri (Dolanji)",1266,13596
Mentsikhang,915,"3307; 3955; 5894; 5897; 8906; 12439; 13598; 13693; 13694"
Merigar,1756,9278
"Mersho Monastery",1115,5641
"Meru Dratsang",880,6498
"Meru Nyingpa",722,5717
"Mewa Monastery",1761,2953
Mindroling,10,"3883; 4080; 4291; 4358; 4659; 4691; 5151; 5159; 5805; 6668; 6982; 8181; 9254; 9361; 9383; 9394; 9579; 9590; 10633; 11741; 12980; 13123; 13124; 13197; 13453; 13454; 13455; 13654; 13692"
"Minyak Kyernang",1433,10617
"Mokru Ganden Jampeling",365,9523
"Monkhar Namseling",523,"9169; 13190"
"Montang Chode",1600,12479
"Moscow Buddhist Center Lama Tsongkhapa",1683,11437
"Muge Tashikhorlo ",367,"1575; 2949; 5824; 9523; 9873; 11569"
Mugulung,825,"4354; 6100"
Muksang,1096,"8972; 9047; 9105; 9190"
"Mulagandhakuti Vihara",1410,13652
"Musu Yama Monastery",250,1898
"Nagi Gonpa",1537,12839
"Nakchung Ritro",510,"4228; 11427"
"Nakdo Monastery",1038,6344
Nālandā,1065,"1728; 2810; 4354; 5461; 5717; 6037; 6892; 10280; 10546; 13066"
"Nalatse Nepoche",1025,"2916; 5401"
"Nalendra Monastery",128,"1820; 1985; 4119; 4220; 4310; 6351; 6735; 10355; 10579; 11158; 12479; 12613; 13131; 13707; 13721; 13787; 13788; 13789; 13790; 13793; 13798; 13806"
"Namchen Drakkar",1227,8181
Namdroling,688,"8972; 10146; 11741"
"Namgyal Institute of Tibetology",1354,11741
Namgyel,892,"2339; 3085; 3107; 3307; 4141; 4259; 4314; 4469; 5871; 6065; 12828"
"Namgyel (Dharamsala)",1727,13884
"Namgyel Chode",1596,"12479; 13790"
"Namgyel Ling",1341,"4358; 10699"
"Namkha Dzod",1053,4115
"Namkyak Monastery",503,6635
"Namo Buddha",1333,"7007; 8782"
"Namtseding Monastery",1297,8571
Namtso,1272,"1659; 2584; 6037; 6668; 6671; 6681; 7673; 13165; 13233"
"Nangchen Gar",248,8181
Nangra,1165,"2755; 2854; 2996"
Nangtseshar,904,3866
"Napu Monastery",73,"11865; 11877"
"Naropa University",1442,"11231; 11385"
Nartang,62,"2181; 2483; 2577; 2578; 2662; 2845; 2866; 3762; 3957; 4114; 4150; 4168; 4261; 4359; 5555; 5750; 5790; 5805; 6037; 6393; 6491; 6895; 8730; 10480; 10579; 10623; 10687; 13199"
Nateng,1368,10961
"Ne Chode",1176,7083
"Nechen Pema Ritro",1647,"3627; 9612"
Nechung,893,"6065; 13628; 13725"
"Nedong Tsetsokpa",1196,"8964; 11285"
"Nedruk Lhakhang",1276,3194
"Nego Monastery",1676,9895
"Nekhar Monastery",1001,"3165; 3175"
Nenang,331,"1659; 4358; 9634; 12839"
Nenying,120,"2670; 8354; 10480"
"Neten Monastery",59,"2069; 8181; 13747"
Neuzur,291,2591
"Ney Monastery",1386,5820
"Ngagar Jangchub Ling",474,"3296; 6099; 6670"
"Ngamring Chode ",333,"2812; 2997; 3736; 4092; 4170; 5985; 6278; 6586; 8105; 10452; 10548; 10591"
"Ngangkyel Chode",944,13435
"Ngari Dratsang",140,"7565; 9361; 11114"
"Ngawa Gomang",368,"2787; 2943; 4730; 9523"
"Ngedon Dongak Chokhor Ling",1352,9945
"Ngedongyi Chozhi Gonde",956,4166
"Ngor Ewaṃ Choden",32,"1820; 1831; 1898; 1930; 1963; 2340; 2387; 2866; 3200; 3671; 4085; 4119; 4164; 4217; 4219; 4220; 4221; 4222; 4223; 4224; 4225; 4227; 4291; 4820; 7064; 7581; 7718; 9105; 9213; 9990; 10202; 10203; 10452; 10462; 10470; 10497; 10507; 10528; 10623; 10633; 10644; 10699; 10742; 10753; 10815; 11972; 12479; 12741; 12743; 12745; 13246; 13248; 13249; 13511; 13532; 13647; 13654; 13677; 13679; 13721; 13745; 13787; 13788; 13794; 13795; 13796; 13797; 13798"
"Ngulchu Hermitage",295,"3153; 4402; 4631"
"Ngulra Monastery",362,7937
Norbulingkha,906,"2339; 2419; 3107; 3307; 3822; 4141; 4259; 4314; 5897; 7007; 12479; 13628; 13683; 13694"
"Nub Padmo De",1228,3141
"Nubzur Gon",525,10457
"Nyakla Gar",1307,3770
"Nyamyo Jashong Monastery",1012,2340
"Nyang Tarpa Ling",446,2845
"Nyangto Sertreng Monastery",986,6620
Nyarma,910,10199
"Nyarong Gojam Gon",1224,4125
"Nyarongsha School",1327,"13628; 13683; 13724"
"Nyedo Monastery",713,"6134; 6726"
Nyegon,1042,8861
"Nyel Drewule Gon",538,10857
"Nyenchen Tanglha",1402,"1659; 6668; 6690; 13086; 13092; 13196; 13707; 13817"
Nyenlung,697,"2953; 8650; 8651; 9083"
"Nyenyo Jagoshong ",276,"7370; 10452"
"Nyetang Drolma Lhakang",92,"2491; 2801; 3673; 3936; 3939; 5717; 6452"
"Nyetang Longdol Hermitage ",306,"3877; 11865"
"Nyetang Mokchok",1317,"3877; 12180"
"Nyima Changra",1051,"9622; 10093"
"Nyima Tang Monastery ",312,"6219; 9062"
"Nyimalung Monastery",917,10482
"Nyingma Institute",1664,10019
"Nyingma Kathok Buddhist Center",1728,13884
Nyingon,826,"2992; 8584; 8596; 8603; 8616; 8617"
"Nyoshul Jonpalung Monastery",44,"8177; 9895; 9929; 12980"
Odantapuri,1331,"23; 10280"
"Old Ditsa",212,"3866; 4077; 13176; 13177"
Ongsum,1093,6353
"Orgyen Chö Dzong",1667,10019
"Orgyen Dorje Den",1737,13884
Oso,475,6099
"Pabongkha Hermitage ",423,"3989; 6622; 8986; 9062; 12479"
"Padum Palace",1589,13743
"Pajoding ",415,"7815; 7874"
"Pakmo Chode",357,"2819; 4495; 8086; 8097"
"Palri Pema Od Ling",1738,13884
Palung,98,5858
"Palyul Retreat Center",1657,8972
"Pangdatsang Manor House",844,"12980; 13519; 13520; 13521; 13522; 13523; 13625; 13708"
Pangpuk,1342,4358
"Pangsa Monastery",959,3744
Pangshar,1627,13248
"Pari Tashi Choling ",346,5729
"Paro Lateng Monastery",384,8028
"Paro Taktsang",1145,"96; 10019; 10311; 10373; 11385; 13086; 13119; 13121; 13648"
"Parpu Monastery",151,"6159; 7636"
"Pasho Gon",535,"4163; 4380; 5328; 6580; 9693; 10394"
"Patsang Gon Yungdrung Rabten Ling",241,12096
"Pekar Choling",1201,13588
"Pel Nyenmo Ri Namgyel",455,"5897; 7945"
Pelbar,814,"29; 2814"
"Pelge Samten Ling",1170,4425
"Pelkhor Chode",102,"3152; 3736; 4168; 5805; 6856; 7348; 9213; 11285; 12521; 12553; 13063; 13863"
"Pelme Tekchen Evam Gatsel Ling ",247,8181
Pelpung,472,"2541; 2640; 2730; 4228; 4291; 4358; 4691; 6499; 8126; 8181; 8507; 8825; 8892; 9047; 9622; 9990; 10018; 10355; 11385; 12180; 13230; 13659; 13686; 13692; 13707; 13721; 13747; 13837; 13838; 13839; 13840; 13841; 13860"
Pelri,1649,"3627; 9612"
"Pelri Tekchen Ling ",253,"3627; 5457; 6668; 8964; 9469"
Pelteng,124,3937
"Pelyul Monastery",14,"2992; 4358; 4622; 4676; 7581; 7582; 7681; 8574; 8584; 8753; 8754; 8757; 8892; 8972; 9047; 9105; 9126; 9190; 9895; 10018; 11003; 11245; 11246; 11258; 11277; 11278; 11279; 13511; 13864"
"Pema Choling",1544,12839
"Pema Khyung Dzong",1541,"10019; 12839; 13686"
"Pema Ritro",1436,"2541; 3436; 9895; 10617"
"Pema Shelpuk",1245,"4291; 8181; 8538; 8825; 13653; 13654"
"Pemaling Lake",1350,4358
Pemayangtse,1353,"11741; 13648; 13687; 13812"
"Penyul Drosa",1259,10480
"Pethub Stangey Choskhorling",1412,13652
"Petseling Jangchub Pelri Monastery ",371,"13121; 13123"
"Petub Khamsten",1409,13652
Pewar,282,"4358; 13230"
Phuktal,1422,"6076; 7305; 13823"
Phyang,701,"13738; 13821; 13824; 13825"
"Pokhang ",101,4168
"Pombora Khamtsen",1480,"5706; 5901; 13666"
"Pomda Sangngak Dechen Monastery",1273,"3778; 3789"
"Porong Pelmo Choding Monastery ",560,13205
Potala,905,"2180; 2339; 2419; 2787; 3107; 3152; 3307; 3866; 4141; 4259; 4282; 4309; 4314; 4358; 4380; 4469; 5652; 5871; 6009; 6065; 6874; 7007; 8538; 9361; 13628; 13652; 13683; 13707"
"Potala School",1557,"13628; 13683; 13701"
"Potima ",267,8103
Poto,224,5786
Puchung,226,"5822; 6452"
"Pulung Rinchen Ling",687,"2639; 10824; 13235; 13236"
"Punakha Dzong",405,"7601; 7622; 7719; 7803; 7815; 13740; 13743"
"Pungpo Riwoche",1336,"2740; 3004"
"Punkhang Manor House",846,"7929; 13425"
"Puntsok Podrang",939,"10613; 11883"
"Puntsok Samten Ling ",108,13064
Purbuchok,294,"1586; 2329; 3008; 3414; 5479"
Rablo,359,4498
Rabten,1567,13707
"Ragya Ganden Tashi Jungne",468,"2974; 3822; 5479; 13201"
Rahor,1110,"8754; 11741"
"Rakadrak Hermitage",321,"1586; 8986"
"Rakchab Sengri Dorje Yudzong",430,"8625; 8972"
Raknyak,1002,13679
Ralong,1529,13687
"Ralung Monastery",87,"2338; 2670; 2801; 3004; 3028; 3307; 3736; 3759; 3822; 4348; 4349; 4350; 4352; 8361; 8637; 10442; 10531; 10536; 10857; 11441; 11865; 11877; 11898; 11909; 11942; 11986; 13125; 13740; 13743"
"Ramoche ",899,"2812; 3182; 7162; 9383; 9935; 10811; 13693"
Rashel,1261,6470
Rashuk,205,8752
Rato,305,"2854; 2912; 3877; 9213; 10480"
"Rechung Puk",225,"1981; 6856; 9126"
"Reting Monastery",327,"2327; 2591; 2598; 2638; 3307; 3822; 4267; 4358; 5805; 6452; 6526; 6874; 7083; 8108; 8571; 8986; 9083; 9126; 9254; 13654; 13707; 13805"
Richung,1644,"8455; 8456"
Ridrak,1403,12180
"Rigdzin Gatsel",1639,12981
"Rigdzin Gatsel Ling ",1671,"10019; 13843"
"Rigdzin Ling",1641,12981
"Rigdzin Rapel Ling",1004,9254
"Rigo Tashi Chodzong Castle ",1077,"11796; 12865; 13536; 13537; 13538; 13539; 13541; 13542; 13543; 13558; 13559; 13562"
Rigyel,808,13118
"Rikhud Monastery",557,"6668; 10355"
Rinak,1692,13859
"Rinchen Drak",335,8105
"Rinchen Gang Labrang",935,2491
"Rinchen Ling",135,2327
Rinding,1592,13745
"Ringu Monastery",1216,4358
"Rinpung Monastery",1362,10961
"Ripuk Hermitage",657,"2845; 4660; 7512"
"Riwo Dangchen",1400,8354
"Riwo Dechen",334,"4150; 4265"
"Riwo Gegye Ganden Shedrubling",1191,7162
"Riwo Gepel",191,"3040; 6646; 12521"
"Riwo Jakang",1169,13167
"Riwoche Monastery",218,"2069; 6489; 10019; 10083; 10315; 13067; 13068; 13069; 13070; 13071; 13072; 13141; 13686; 13749"
"Riwoche Yanggon",219,"13067; 13068; 13069; 13070; 13071; 13141"
Rizong,1575,12403
"Roerich House",1312,"3866; 13687"
Rokam,78,"4175; 6578; 13434"
"Rong Jamchen",839,"3736; 10644; 12521"
"Rong Ngurmik",183,2916
"Rongme Karmo Taktsang",1046,"4228; 4291; 8181; 12180"
"Rongwo Monastery",374,"1564; 2469; 2521; 2948; 2974; 3296; 3889; 4524; 4665; 5436; 5490; 5897; 6045; 6185; 6493; 6634; 6729; 7170; 7172; 8861; 9254; 9753; 9873; 10957; 13201"
"Rongwo Tantric College",941,6493
"Ru Gonsar",1521,13684
"Rudam Yangwen Sengdruk Puk",970,4659
Rumtek,968,"11385; 11645; 13152; 13885"
"Sabzang Ganden",122,"2387; 2801; 6257"
"Sadutshang Manor House",1092,"13545; 13546; 13549; 13805"
"Sakar Samdrub Ling",1188,"8825; 10699"
"Sakya Drakshar",272,1963
"Sakya Mendrong",1128,6801
"Sakya Monastery",603,"1974; 2051; 2137; 2314; 2434; 2491; 2670; 2790; 2801; 2812; 2845; 2915; 2916; 2919; 2943; 2949; 3152; 3188; 3189; 3191; 3194; 3204; 3208; 3211; 3736; 3939; 4086; 4113; 4217; 4219; 4249; 4291; 4327; 5408; 5693; 6100; 6351; 6405; 7053; 7064; 7348; 7512; 7545; 7882; 8454; 8571; 9095; 9105; 10202; 10355; 10452; 10470; 10480; 10528; 10548; 10613; 10633; 10699; 10742; 10753; 10815; 11866; 11883; 11972; 12479; 12553; 12613; 13186; 13523; 13532; 13625; 13654; 13679; 13697; 13707; 13721; 13745; 13787; 13788"
"Sakya Monastery, Seattle",1572,"10019; 10355; 12479"
"Samding Monastery",564,"3822; 4168; 8454; 13205; 13206; 13510"
"Samdrub Ling",193,"3006; 4223; 9923; 10497"
"Samling Monastery",591,6620
"Sampho Manor house",845,3107
Samstanling,1408,"12403; 13652"
"Samten Tse",1745,13885
"Samye Chimpu",951,"495; 2882; 3000; 4267; 4358; 4622; 5457; 9083; 9126; 9574; 10298; 10373; 11741; 12980; 13654"
"Samye Ling",1395,11231
"Sang Chokhor ",418,"7874; 8397"
"Sang Ngak Tekchokling",515,9052
"Sangngak Choling",1518,"12839; 13686"
"Sangngak Choling Sikkim",1527,13687
"Sangngak Dechen Ling",451,7053
Sango,1112,8754
"Sangpu Neutok",91,"1831; 2137; 2683; 2823; 2882; 2896; 2912; 2919; 3469; 3671; 3744; 3762; 3877; 3936; 3938; 3939; 4113; 4114; 4164; 4168; 4276; 4727; 4935; 5331; 5693; 5849; 6159; 6351; 6646; 6735; 7093; 8106; 8986; 9062; 9095; 9201; 9213; 9482; 9634; 9795; 10168; 10298; 10480; 10579; 10683; 13073; 13195; 13234"
"Sangsang Dungkar",486,7945
"Sani Gonpa",1305,"3152; 6076; 7442; 13740; 13743"
Sarnath,1606,3822
Sarwahai,1645,"3627; 9612"
"Se Trabzang",514,"1639; 3004; 3010; 7767; 13650"
"Sechang ",395,2788
"Segyu Dratsang",573,3762
"Sekhar Gutok",15,"2662; 2665; 3178; 4354; 4358; 5511; 9126; 10355; 10878; 11385"
Sekharchung,618,"2812; 5408; 11307"
"Sekya Tashi Gepel Ling",296,4402
Semnyi,812,5436
"Sengchen Namdrak",1463,"8181; 9278; 13653; 13659"
"Sengchen Namdrak Monastery",1467,"13653; 13659"
"Sengge Shong Mago",1044,8861
"Sengge Shong Yago",1045,8861
"Sengge Yumtso",1346,"4291; 8181"
Senmo,585,13221
"Sera (India)",1585,8156
"Sera Choding",572,"5317; 8986"
"Sera Je",348,"2327; 2974; 3782; 3783; 3784; 3786; 3877; 4265; 4282; 4496; 4498; 4642; 5479; 5485; 6529; 6580; 7232; 7305; 8079; 8103; 9049; 9053; 9062; 10146; 13548"
"Sera Me",349,"2419; 2755; 2819; 3134; 3712; 3730; 3989; 4278; 4279; 4489; 4497; 4500; 5706; 6978; 6979; 7182; 7565; 8097; 13171; 13666"
"Sera Monastery",37,"1586; 1637; 1831; 2328; 2329; 2418; 2462; 2787; 2819; 2871; 2931; 2949; 2952; 3008; 3085; 3107; 3274; 3307; 3414; 3708; 3712; 3782; 3783; 3784; 3786; 3792; 3793; 3794; 3795; 3877; 3989; 4141; 4259; 4265; 4282; 4314; 4487; 5317; 5415; 5485; 5641; 5706; 5729; 5777; 5795; 5805; 5871; 5901; 5932; 5953; 6175; 6470; 6526; 6529; 6874; 6978; 7182; 7232; 7240; 8079; 8099; 8103; 8986; 9126; 9213; 9839; 9873; 10480; 11114; 12479; 12828; 13094; 13098; 13102; 13103; 13105; 13110; 13167; 13173; 13519; 13531; 13706"
"Sera Ngakpa Dratsang",907,5795
"Sera Tekchen Chokhorling",1070,10083
"Sera Utse",322,1586
Serding,1153,6672
Serdokchen,105,"2790; 3004; 6351; 9213; 9923; 10623; 10742; 12553; 13063; 13064"
Serjong,1490,"4820; 13707"
"Serkyi Gyelgo",534,"4115; 11417"
"Serlung Monastery ",347,5729
Sershul,469,"6470; 10093"
"Seula Chokhor Dorjeden",1072,"7803; 7815"
Sewalung,228,3168
"Shadrang ",1248,2854
"Shadzong Ritro",806,2399
"Shakya Shei-Drub Ling",1612,10355
"Shambhala Mountain Center",1448,"11231; 11385"
Shangto,1566,13707
"Shar Yelpuk ",157,"7636; 7637"
"Shardza Hermitage",1361,10961
Shardzong,403,6548
"Sharkyo Ganden Monastery",705,13234
Shatra,902,9301
"Shauk Tago",1289,2683
Shechen,13,"4291; 4358; 5151; 5159; 5164; 5166; 6668; 8574; 8825; 9047; 9213; 9525; 9622; 9884; 9895; 9990; 10093; 10146; 11231; 13227; 13228; 13453; 13454; 13455"
"Shel Monastery",396,2788
"Shide Dratsang",900,"3107; 4309; 11798"
"Shitsang Gonsar",361,"2506; 6198; 6928; 6929; 7876; 7876; 7877; 7881; 7882; 7937"
"Sho Monastery",160,3469
"Shol Printery",889,"3307; 6065"
Shopamdo,813,29
"Shri Karma Raja Mahavihara",1513,"11385; 12839"
Shukchung,1309,9945
"Shukden Lhakhang",1598,"10203; 12745"
"Shukgang Monastery",1105,8754
"Shukjung Monastery",1320,"13617; 13688; 13817; 13850"
Shukseb,85,"5; 3152; 13628; 13843"
"Simda Dzogchen Monastery",700,"5151; 5159; 13227; 13228; 13453; 13454; 13455"
"Sinmo Dzong ",259,9254
"Sinpo Ri Lhakhang",1347,"3736; 4358"
"Sokmo Palace",1558,13701
Sonada,1416,12180
"Sorik Dropen Ling",1119,"3109; 5331"
Spituk,1406,13652
"Sravasti Abbey",1736,13884
"Śrī Siṃha College",439,"3485; 4228; 4358; 5024; 5041; 5044; 5048; 5078; 5115; 5117; 5120; 5121; 7272; 7551; 7559; 9047; 9203; 9355; 9585; 9588; 9589; 9593; 9601; 9622; 9895; 10093; 10355; 11426; 11427; 11435; 11444; 11445; 11487; 11488; 11489; 11490; 11491; 12906; 12980; 13162; 13178; 13181; 13679; 13721"
"St. Joseph's School",1374,"13545; 13583; 13611; 13628"
Stakna,1587,"13743; 13825"
"Stok Royal Palace",1407,13652
Stongdey,1421,"7305; 13823"
"Surkhang Manor House",728,"2423; 11790; 11796; 11798"
"Surkhang Printery",1298,2423
Swayambhunath,172,"2510; 3152; 4354; 6856; 7007; 7870; 8782; 9372; 10355; 11385; 12839"
Tabka,1437,8730
Tabo,719,10199
"Tachogang Lhakhang",1162,7622
"Tak Monastery",288,2948
Takdo,498,6635
"Taklung Drak",1230,5317
"Taklung Drilung",1306,9172
"Taklung Ganden Damcho Ling",831,5729
"Taklung Monastery",80,"3101; 3139; 4086; 4114; 4368; 7637; 9126; 9172; 9254; 10315; 11141; 11285; 13068; 13071; 13080; 13141; 13707"
"Taklung Tarling Chode",1237,10579
"Takmo Lingkha",1492,12553
"Takmogang Kelzang Puntsok Ling",427,"6668; 8578; 9546; 10412; 10413; 10414; 10415; 11487"
"Takpu Chode",317,"5953; 6441; 13241"
"Takten Puntsok Choling",1661,11437
"Takten Puntsok Ling ",110,"2712; 4150; 4358; 5985; 6567; 10961; 11183; 11437; 11731; 12180"
"Taktsang Lhamo Kīrti",1426,"3049; 13655"
"Taktsang Monastery",1299,6548
"Taktsang Rawato ",402,"6505; 6548; 6648"
"Taktse Hermitage",1363,"7442; 10961"
"Taktse Rinchen Gang",324,"5432; 6872; 10480; 13112"
Taktser,870,13805
"Talang ",377,7918
"Talo Sangngak Choling ",380,"8355; 13747; 13749"
"Tamshing Lhakhang",400,3000
"Tanak Dorjeden",952,12883
"Tanak Pu Monastery",1240,5803
"Tanak Serling",269,1985
"Tanak Tubten Namgyel ",270,"1985; 10452; 10528; 12479; 12553; 12613; 13248; 13721; 13788"
"Tangkya Lhakhang ",143,"6286; 8097"
Tango,308,"7601; 7622; 7815; 8028; 10531; 10857"
Tangpoche,195,5717
"Tangring Monastery",339,3758
Tangsak,1439,8730
"Tangtong Gyelpo Lhakhang",1597,12745
"Tarde Monastery",1199,4358
Tarlam,178,"1831; 4820; 10355; 10815; 11883; 12500; 13186; 13248; 13249; 13677"
"Tarpa Tse",1655,8972
"Tartse Labrang",1617,"13246; 13647; 13795; 13796; 13797"
Taser,1520,13684
"Tashi Chokhor Ling",508,9929
"Tashi Choling (Oregon)",1719,10019
"Tashi Choling Hermitage",1020,3989
"Tashi Cholung",285,"2328; 3778; 3782; 4276; 5137; 13095; 13097"
"Tashi Chopel Dratsang",984,"7069; 7162"
"Tashi Dokha",962,"4358; 13073"
"Tashi Gang",704,13233
"Tashi Gepel Ling",1100,4631
"Tashi Gomang",1713,9083
"Tashi Lhunpo (India)",1586,8156
"Tashi Pende",278,"2328; 3778; 3788; 3789; 3791; 6340; 6690; 8116; 13095; 13096; 13102; 13113"
"Tashi Podrang",1349,4358
"Tashi Samten Ling",517,"1901; 1902"
"Tashi Tongmon",949,11441
"Tashi Yanggon",1094,8474
Tashichoedzong,387,"2789; 7815; 8028; 10531"
Tashigang,1576,12403
Tashilhunpo,39,"40; 1586; 2180; 2328; 2339; 2418; 2462; 2787; 2912; 2949; 2953; 3141; 3152; 3307; 3414; 3758; 3782; 3791; 3822; 3877; 3883; 3989; 4077; 4265; 4380; 4631; 5317; 5426; 5729; 5805; 5871; 5899; 6175; 6219; 6526; 6746; 6788; 6910; 6953; 7240; 7297; 7525; 8156; 9289; 9693; 9839; 9873; 10168; 10687; 10961; 11114; 11417; 11437; 11575; 11731; 12521; 12828; 13173; 13203; 13510; 13628"
"Tashilhunpo Shartse Dratsang",344,"2442; 3758"
Tashilung,531,4359
"Tasho Pomdrak ",419,"4140; 9213"
"Tatsak Lhundrub Dechen",539,"2330; 4168; 6746"
"Tawu Sangngak Chokdrub Ling",1515,8906
"Tekchen Choling Tsuklagkhang",1678,11437
Tengyeling,723,8538
Tenpel,1634,12981
Terdrom,822,"8964; 9171; 9469; 13613"
"Tergar Ösel Ling",1538,12839
Terlam,1579,13867
"Terlung Yiga Chodzin Ling",479,"6045; 7170; 7171; 7172"
"Tetung Monastery",338,5899
"Thangu Monastery",1686,9764
Tharlam,1573,10355
Tharpaling,1066,"2882; 3000; 6671; 13127"
"Thikse Monastery",1283,"40; 7305; 8156"
"To Jayul Monastery",353,"4488; 4494; 5822; 7090"
"Tokden Monastery",1179,13574
"Toling Monastery",352,"4487; 5415; 6526; 7113; 10199; 11056"
"Tolung Namgyel",121,"3940; 4113"
"Tolung Takma",292,"2638; 3890"
"Tolung Tsendro",1388,6441
"Tolung Yangwen Pelgon",586,13222
"Tongkhor Ganden Chokhor Ling ",440,"2755; 3134; 3730; 3733; 3734; 3735; 3738; 3739; 5479; 6419; 8861; 9873"
"Tongkhor Tashilhunpo",411,"1575; 2755; 2996; 3708; 3712; 9873; 13166; 13167; 13171; 13173"
Tongkyab,490,7945
"Tosam Norbu Lhunpo",1095,"9895; 10018"
"Trakar Lhakhang ",383,"4372; 4379"
Trandruk,672,"5; 4358; 9361; 13869"
Trangu,807,8825
"Trashigang Dzong",1257,"10372; 13147"
Trawakha,1438,8730
Trengpo,1214,8964
"Trewel Ude",1088,13540
"Tridu Kelzang",1489,4820
"Trijang Labrang",882,4309
"Trode Khangsar",913,"3040; 6065"
"Tromge Gon",519,"11603; 12980"
Tromsikhang,903,"5805; 5871"
"Trongsa Dzong",406,"7874; 10372"
"Tropu Monastery",67,"2798; 2799; 2810; 4113; 6405; 10280; 11285"
"Tsador Monastery ",360,13547
"Tsādra Rinchen Drak",974,"4291; 4358; 7442; 8181; 8538; 8592; 10018; 12180"
"Tsagen Peshing",467,"3080; 5910; 6025; 6198"
"Tsamdrak Monastery ",385,8028
"Tsang Chubzang",1161,"3004; 9482"
"Tsang Dondrub Rabten Ling",464,4607
"Tsangda Monastery",1107,8754
"Tsangme Sengge",1111,8754
"Tsangrong Shardzong Ritro",1139,9213
"Tsangsar Namgon",1534,12839
"Tsangwa Monastery",210,"4358; 7272; 8752"
Tsarang,1595,"12479; 13790; 13791"
"Tsarazhab Hermitage",1468,"9278; 13659"
Tsāri,1085,"2758; 2789; 2899; 3121; 3125; 3178; 3307; 4611; 5729; 5997; 6671; 6856; 8028; 8612; 9126; 9361; 9579; 10536; 10644; 10824; 10835; 13086; 13120; 13238; 13437; 13445; 13613; 13659; 13812"
"Tsarong Manor House",853,"7929; 13583; 13625; 13708"
Tsashul,955,8538
Tsazar,1420,7305
Tsechen,93,"3673; 3936; 4167; 4170"
"Tsechu Monastery",208,"4358; 8752"
"Tsedong Monastery",682,"10528; 10742; 12553"
"Tsegyalgar East",1744,9278
"Tsel Gungtang",68,"2789; 2845; 3182; 3307; 3881; 3937; 3938; 4086; 4168; 4175; 4358; 5706; 5795; 6147; 6547; 7637; 9201; 9482; 11453; 11877"
Tselmin,126,4164
Tsemonling,724,"5652; 6979"
"Tsenpo Gon",532,"3296; 5490; 6161; 6526; 9690"
Tseringjong,254,"3436; 3485; 5457; 9083; 9579; 9612; 10412; 12980"
Tsetang,485,"3955; 4168; 4276; 4358; 6037; 8086; 8354; 9095; 13073"
Tseten,287,2948
"Tseuruma Serde",1148,2943
Tsibri,1118,"7775; 9572; 13205"
Tsike,60,"8181; 12839; 13686; 13692; 13747; 13748; 13749"
Tsikyang,500,6635
"Tsimda Monastery",696,"8651; 9083"
"Tsinta Mani Choling, Spokane",1733,13884
"Tso Gon Ganden Choling ",364,13547
"Tso Pema",1081,"9; 3152; 7442; 9171; 10019; 10146; 11385; 13648; 13689; 13821"
"Tso Pema Orgyen Heruka Nyingmapa Gompa",1717,10019
"Tsogyel Jomo",452,4125
"Tsogyel Latso",1275,"4358; 10373; 10457"
Tsopu,1010,"8583; 9895"
"Tsunmo Tsel",236,2891
"Tsur Lhalung",972,3169
"Tsurpu Monastery",95,"1659; 2162; 2661; 2662; 2670; 2683; 2730; 2776; 3010; 3175; 3940; 4085; 4113; 4114; 4358; 4676; 7130; 8181; 8906; 9126; 9201; 9278; 9634; 10019; 10258; 11385; 12839; 13074; 13152; 13686; 13697; 13860; 13885"
"Tubchen Dargye Ling",1235,10497
Tubten,1498,12741
"Tubten Gepel",453,4223
"Tubten Jago Pungpo ",378,"7815; 7918"
"Tupten Dargye Ling ",107,13064
"Tuwa ",289,2948
"Urge Dratsang Sangngak Mingye Ling",410,"3080; 4611; 5910; 6025; 6529; 6622; 8069"
"Urgyen Samyé Chöling ",1720,10019
"Uri Monastery",146,6671
Vikramaśīla,1355,"23; 2510; 2810; 5717; 5801; 10199"
Wangda,488,"7945; 9083"
"Wangdue Phodrang Dzong ",376,"7918; 13123"
Wara,1568,"10355; 13249; 13707; 13795; 13796"
"Wenne Gurulung",992,13072
"Wenne Samdrub Deden Ling ",495,1564
"Wenne Tashikhyil",494,1564
"Wensa Monastery",185,"6175; 9839; 11352; 12521; 12883; 13026"
"Wikcho Dzong",1019,6770
"Wolkha Cholung",840,"3040; 5693; 8986; 10168"
"Wolkha Samling Monastery",960,"3744; 5706; 8986"
"Wonto Monastery",1238,"9278; 13511"
"Wosel Monastery",1387,5820
Wozer,1675,9895
"Wutai Shan",1140,"2280; 2418; 2469; 2510; 2755; 2758; 2953; 2996; 3141; 3307; 3822; 4077; 5360; 5381; 5490; 5729; 6099; 6198; 6672; 6928; 7040; 7162; 7170; 7326; 8650; 8651; 8861; 9201; 9873; 9985; 10457; 11575; 13510; 13861"
"Ximing Temple",1377,13633
"Xiuduo Monastery",1379,13634
"Ya Nga Chamda Ganden Khacho Ling",1241,13196
"Yachen Gar",1748,"2953; 12980"
"Yak Monastery",1449,11231
Yakze,1632,"5099; 11428; 13811"
"Yama Tashikhyil",565,"3866; 3883; 8675"
Yamalung,1343,"4358; 9083; 12980; 13654"
"Yamdrok Lake",1325,"4220; 11453; 13628; 13697; 13816"
"Yangcho Sangcho Pema Lhunding",524,13197
Yanglesho,1332,"7442; 11385; 12839"
Yangpachen,599,"4358; 5500; 8906; 10548; 13863"
"Yangri Gar ",420,"3436; 8964; 13738; 13821; 13824"
"Yarlha Shampo",1082,"11117; 13086; 13090"
"Yarlung Namgyel",616,5408
"Yarlung Pemako",1172,"3436; 4272; 4425"
"Yarlung Samten Ling",617,5408
"Yarlung Sheldrak",1184,"3883; 4358; 8538; 9083; 9121; 13654"
"Yarlung Tashi Chode",1610,12479
"Yaso Monastery",1674,9895
Yershong,1166,2755
"Yeru Wensakha",245,"2980; 13091; 13093; 13131"
"Yeshe Khorlo Buddhist Society Singapore",1742,13884
"Yeshe Nyingpo",1665,10019
"Yeta Lungkar",721,12096
"Yilhung Lhagyel",1104,"8754; 10355; 10699"
"Yilhung Lhatso",1344,"4358; 11428"
Yonghegong,566,"2948; 3822; 5338; 8861; 9693; 13744"
"Young Lama's Home School",1440,11231
"Yugu Tongtse",493,1564
"Yulkhyong Monastery",1097,11246
"Yumbu Lagang",1345,"2949; 4358"
"Yungdrung Ling",861,"10961; 13082"
"Yuthok Manor House",855,"9333; 11798; 13426; 13724"
"Yutok Monastery",977,7272
Yutsa,1624,2945
Zambulung,1311,10835
Zamkhar,1253,6874
"Zangchen Monastery",1251,2791
"Zangri Kangmar",1151,"4358; 5644"
"Zangzang Lhadrak",1724,13879
"Zara Monastery",1131,"6749; 6756"
"Zha Lhakhang",45,"494; 495; 5457; 6205; 9985"
"Zhakdra Yumtso",1648,"3627; 9612"
Zhalu,35,"1831; 2338; 2801; 2845; 2854; 3134; 3936; 3940; 4168; 4220; 4221; 4660; 4669; 6122; 6251; 7512; 8455; 9482; 10462; 10470; 10480; 10528; 10579; 10753; 11285; 13787"
"Zhamar Monastery",1274,"3008; 5729"
"Zhangzhung Dorjeden",197,"6285; 12180"
"Zhe Dratsang",546,2997
"Zhertsa Chode ",265,8103
"Zhichen Bairo Ling",1731,13884
"Zhichen Monastery",1318,"13617; 13688; 13817; 13866"
"Zhigon Hermitage",819,2387
"Zhitok Labrang",934,"1974; 2491; 3188; 3189; 3191; 7348; 10591; 10613"
"Zhiwa Gon",1277,4125
Zhohong,1141,4611
"Zhuchen Monastery",699,8650
"Zhung Treuzhing ",21,"3006; 11471"
"Zhungpa Khamtsen",1300,13507
"Zingpa Takgo",1213,8964
"Zungchu Zi",1150,3758
"Zur Ukpalung",229,4632
Zurkhardo,1763,3004
"Zurlung Pelchen Lhakhang",1000,4632
"Zurmang Dutsitil",174,"4358; 11385; 12839; 13686"
"Zurmang Namgyeltse",702,"1659; 4358; 11385"
