painting_id,title,description,har_nbr,file path,image_file_name,image_path,thumb_file_name,thumb_path,create_user_id,create_date,last_modified_user_id,last_modified_date,location,source,source_url,tombstone,creator_name,creator_tol_id,type,century,tradition
1,Tsongkhapa,"<p>
	A painting of Tsongkapa, founder of the Geluk tradition, with the two principal students, Gyaltsab on the left and Khedrub on the right.</p>",595,/uploads/paintings/,HAR595_nav.jpg,/uploads/paintings/1/HAR595_nav.jpg,HAR595_nav_thumb.jpg,/uploads/paintings/1/HAR595_nav_thumb.jpg,1,2011-07-08 21:22:01,342,2025-07-16 14:58:40,Rubin Museum of of Himlayan Art,Rubin Museum of Himalayan Art,,"<p>Gift of the Shelley &amp; Donald Rubin Foundation<br />
Tsongkhapa Lobzang Drakpa (1357-1419)<br /> Tibet<br />ca. 1420-1460 Pigments on cloth<br />
F1997.31.14</p>",,,painting,59,Geluk
2,Mahākāla Pañjarnātha,"<p>
	Mahākāla Pañjarnātha, or ""Lord of the Tent,"" is the protector of the Hevajra cycle of tantras. The iconography and rituals are found in the eighteenth chapter of the <em>Vajra Pañjara Tantra</em>, an exclusive 'explanatory tantra' to Hevajra itself. It is dated to the late fourteenth or early fifteenth century.</p>",82,/uploads/paintings/,HAR82_nav.jpg,/uploads/paintings/2/HAR82_nav.jpg,HAR82_nav_thumb.jpg,/uploads/paintings/2/HAR82_nav_thumb.jpg,1,2011-07-08 21:27:27,342,2025-07-16 15:15:36,"Rubin Museum of Himalayan Art
","Rubin Museum of Himalayan Art
",,"<p>Gift of the Shelley &amp; Donald Rubin Foundation</br>
        Panjaranatha Mahakala<br />
        Tibet; 15th century<br />
        Pigments on cloth<br />
        F1997.5.1 (HAR 82)<br />
        <a href=""https://rubinmuseum.org/collection/f1997-5-1/"" target=""_blank"">https://rubinmuseum.org/collection/f1997-5-1/</a></p>",,,painting,56,Sakya
3,Mahakala - Panjarnata,"<p>
	Mahakala surrounded by the stylized flames of pristine awareness and emanating forth from the licks of flame are messengers in the shapes of various animals, black crows, black dogs, wolves, black men and women.</p>",642,/uploads/paintings/,HAR642_nav.jpg,/uploads/paintings/3/HAR642_nav.jpg,HAR642_nav_thumb.jpg,/uploads/paintings/3/HAR642_nav_thumb.jpg,1,2011-07-08 21:29:47,342,2025-07-16 15:06:35,Rubin Museum of Himalayan Art,Rubin Museum of Himalayan Art,,"<p>
        Gift of the Shelley and Donald Rubin Foundation<br/>
        Panjarnata Mahakala<br />
        Tibet; 15th century<br />
        Pigments on cloth
        <br />
        F1998.11.2</p>",,,painting,57,Sakya
4,Six Kagyu Teachers with Lineage,"<p>
	An unusual Kagyu lineage painting—possibly the Śrī Sahaja Hevajra— that includes one of the earliest known image of a Karmapa.</p>",89141,/uploads/paintings/,89141.jpg,/uploads/paintings/4/89141.jpg,89141_thumb.jpg,/uploads/paintings/4/89141_thumb.jpg,2,2011-07-11 15:17:36,342,2025-07-16 15:14:58,Rubin Museum of Himalayan Art,Rubin Museum of Himalayan Art,https://rubinmuseum.org/collection/c2006-42-4/,"<p>
        Two Indian and Four Tibetan Masters<br />
        Tibet; early 13th century<br />
        Pigments on cloth<br />
        C2006.42.4</p>",,,painting,49,Kagyu
5,Sachen Kunga Nyingpo,"<p>
	A painting of Sachen Kunga Nyingpo with Sonam Tsemo And Sachen Kunga Nyingpo seated beside him.</p>",65789,/uploads/paintings/,HAR65789_nav.jpg,/uploads/paintings/5/HAR65789_nav.jpg,HAR65789_nav_thumb.jpg,/uploads/paintings/5/HAR65789_nav_thumb.jpg,1,2011-07-24 20:01:14,342,2025-07-16 15:26:17,Rubin Museum of Himalayan Art,Rubin Museum of Himalayan Art,https://rubinmuseum.org/collection/c2007-20-1/,"<p>
        Sachen Kunga Nyingpo (1092-1158) with His Two Sons, Sonam Tsemo (1142-1182) and Drakpa Gyaltsen (1147-1216)<br />
        Ngari Province, Western Tibet; ca.1500<br />
        Pigments on cloth<br />
        C2007.20.1</p>",,,painting,61,Sakya
6,Ngorchen Kunga Zangpo,"<p>
	Ngorchen Kunga Zangpo, the founder of the Ngor Branch of the Sakya tradition.</p>",134,/uploads/paintings/,HAR134_nav.jpg,/uploads/paintings/6/HAR134_nav.jpg,HAR134_nav_thumb.jpg,/uploads/paintings/6/HAR134_nav_thumb.jpg,1,2011-07-24 20:02:02,342,2016-05-26 13:33:39,Collection of Shelley & Donald Rubin ,Collection of Shelley & Donald Rubin ,,,,,painting,59,Sakya
7,Ngorchen Kunga Zangpo,"<p>
	Ngorchen Kunga Zangpo at the left and his successor Muchen Sempa Chenpo Konchok Gyaltsen sitting on the right, surrounded by lineage teachers.</p>",128,/uploads/paintings/,HAR128_nav.jpg,/uploads/paintings/7/HAR128_nav.jpg,HAR128_nav_thumb.jpg,/uploads/paintings/7/HAR128_nav_thumb.jpg,1,2011-07-24 20:02:42,342,2025-07-16 15:29:10,"Rubin Museum of Himalayan Art
","Rubin Museum of Himalayan Art
",,"<p>Ngorchen Kunga Zangpo (1382-1456) and Muchen Sempa Chenpo Konchog Gyaltsen<br />
        Central Tibet; Late 15th century<br />
        Pigments on cloth, 26 x 23 in. (66 x 58.4 cm)<br />
        C2006.66.153</p>",,,painting,59,Sakya
8,Buddhashri,"<p>
	Buddhashri surrounded by the lineage teachers of the Yogachara tradition of Buddhist philosophy. He was the principal teacher of Ngorchen Kunga Zangpo, the founder of the Ngor branch of the Sakya tradition.</p>",269,/uploads/paintings/,HAR269_nav.jpg,/uploads/paintings/8/HAR269_nav.jpg,HAR269_nav_thumb.jpg,/uploads/paintings/8/HAR269_nav_thumb.jpg,1,2011-07-24 20:03:32,342,2025-07-16 15:32:58,Rubin Museum of Himalayan Art,Rubin Museum of Himalayan Art,,"<p>
        Buddhashri Sanggye Pel (1339–1419) Surrounded by the Yogachara lineage Masters of the bodhisattva vow<br />
        Ngor Ewam Choden Monastery, Tsang Province, Central Tibet; ca. 1515-1535<br />
        Pigments on cloth, 31 1/4 × 19 1/8 in.<br />
        C2006.66.220</p>",,,painting,58,Sakya
9,Lhachok Sengge,"<p>
	An ivory statue of Lhachok Sengge. The inscription on the base of the statue reads ""rgyal ba lha mchog seng ge.""</p>",65232,/uploads/paintings/,HAR65232_nav.jpg,/uploads/paintings/9/HAR65232_nav.jpg,HAR65232_nav_thumb.jpg,/uploads/paintings/9/HAR65232_nav_thumb.jpg,1,2011-07-24 20:05:31,342,2025-07-16 15:44:56,"Rubin Museum of Himalayan Art
       ","Rubin Museum of Himalayan Art
       ",https://rubinmuseum.org/collection/c2003-23-2/,"<p>Abbot Lhachok Sengge (1468-1535)<br />
        Ngor Ewam Choden Monastery, Tsang Province, Central Tibet; ca. 16th century<br />
        Ivory, 5 1/4 × 3 1/2 × 2 1/4 in.<br />
        C2003.23.2 (HAR 65232)<br /></p>",,,sculpture,61,Sakya
10,Damarupa,"<p>
	Damarupa and Avadhutipa, two Indian Siddhas. On the left is the siddha Damarupa holding upraised in his right hand a damaru drum and a skullcup in the left. On the viewer's right is Avadhutipa holding a skullcup to the heart with the left hand and pointing downwards with the right hand.</p>",946,/uploads/paintings/,HAR946_nav.jpg,/uploads/paintings/10/HAR946_nav.jpg,HAR946_nav_thumb.jpg,/uploads/paintings/10/HAR946_nav_thumb.jpg,1,2011-07-24 20:06:39,342,2016-05-26 12:25:07,Collection of Shelley & Donald Rubin ,Collection of Shelley & Donald Rubin ,,,,,painting,61,Sakya
11,Sanggye Sengge,"<p>
	Sanggye Sengge, the eleventh throne holder of Ngor Ewam Monastery.</p>",493,/uploads/paintings/,HAR493_nav.jpg,/uploads/paintings/11/HAR493_nav.jpg,HAR493_nav_thumb.jpg,/uploads/paintings/11/HAR493_nav_thumb.jpg,1,2011-07-24 20:07:18,342,2025-07-16 15:46:45,Rubin Museum of Himalayan Art,Rubin Museum of Himalayan Art,https://rubinmuseum.org/collection/f1996-26-1/,"<p>Gift of the Shelley and Donald Rubin Foundation<br />Sanggye Sengge (1504-1569)<br />
        Ngor Ewam Choden Monastery, Tsang Province, Central Tibet; 1580s-1590s<br />
        Pigments on cloth, 49 1/8 × 32 3/4 × 1 1/8 in.<br />
        F1996.26.1 (HAR493)<br /></p>",,,painting,60,Sakya
12,Two Lineal Lamas,"<p>
	Two men, Kunkhyen and Jamyang Chokyi Gyalpo. This painting is from a set of compositions that appears based on similar paintings identified as a Sakya Lamdre Lineage set. The secondary lineage that starts at the top left and proceeds down the right and left registers is possibly the Prajnaparamita Lineage beginning with Shakyamuni Buddha.</p>",457,/uploads/paintings/,HAR457_nav.jpg,/uploads/paintings/12/HAR457_nav.jpg,HAR457_nav_thumb.jpg,/uploads/paintings/12/HAR457_nav_thumb.jpg,1,2011-07-24 20:08:00,342,2025-07-16 15:51:41,"Rubin Museum of Himalayan Art
        ","Rubin Museum of Himalayan Art
        ",,"<p>Gift of the Shelley &amp; Donald Rubin Foundation<br />Tsang Province, Central Tibet; 16th century (ca. 1560-1600)<br />
        Pigments on cloth, 27 x 22 3/4 in.<br />
        F1996.14.2</p>",,,painting,61,Sakya
13,Sangye Sengge,"<p>
	Sanggye Sengge, the eleventh throne holder of Ngor Ewam Monastery is the main figure in this work, created between 1550 and 1560. It is in the Menri style with Beri elements.</p>",96,/uploads/paintings/,HAR96_nav.jpg,/uploads/paintings/13/HAR96_nav.jpg,HAR96_nav_thumb.jpg,/uploads/paintings/13/HAR96_nav_thumb.jpg,1,2011-07-24 20:08:44,342,2025-07-16 15:54:19,Rubin Museum of Himalayan Art,Rubin Museum of Himalayan Art,,"<p>Gift of Shelley and Donald Rubin<br />
Ngor Abbot Sanggye Sengge (1504-1569)<br />
Tsang Province, Central Tibet, ca. 1550s-1560s<br />        
Pigment on cloth, 25 1/2 × 19 in. (estimated)<br />
C2006.66.137</p>",,,painting,63,Sakya
14,Sachen Kunga Nyingpo,"<p>
	A portrait of Sachen Kunga Nyingpo in the classic Beri style. Based on stylistic comparison, it is likely from the fourteenth or fifteenth century.</p>",944,/uploads/paintings/,HAR944_nav.jpg,/uploads/paintings/14/HAR944_nav.jpg,HAR944_nav_thumb.jpg,/uploads/paintings/14/HAR944_nav_thumb.jpg,1,2011-07-24 20:09:24,342,2016-05-26 11:31:32,Private,Private,,,,,painting,57,Sakya
15,Jetsun Drakpa Gyeltsen,"<p>
	Drakpa Gyaltsen and Sakya Pandita, uncle and nephew, teacher and student surrounded by the lineage Kings of Shambhala. This composition belongs to a larger set of paintings depicting the Lamdre Lineage of the Sakya Tradition of Tibetan Buddhism in a two figure per composition configuration.</p>",580,/uploads/paintings/,JestunDrakpaGyeltsen.jpg,/uploads/paintings/15/JestunDrakpaGyeltsen.jpg,JestunDrakpaGyeltsen_thumb.jpg,/uploads/paintings/15/JestunDrakpaGyeltsen_thumb.jpg,1,2011-07-24 20:10:05,342,2025-07-16 15:16:56,Rubin Museum of Himalayan Art,Rubin Museum of Himalayan Art,https://rubinmuseum.org/collection/f1997-45-4/,"<p>Gift of the Shelley and Donald Rubin Foundation</br />

        Drakpa Gyeltsen (1147-1216) and Sakya Pandita (1182-1251)<br />
        Central Tibet, ca. 15th century<br />
        Pigments on cloth, 33 x 28 1/4 in. (est.)<br />
        F1997.45.4</p>",,,painting,57,Sakya
16,Shangton Chobar,"<p>
	Shangton Chobar with Sachen Kunga Nyingpo on the middle left, Sonam Tsemo on the right.</p>",63,/uploads/paintings/,HAR63_nav.jpg,/uploads/paintings/16/HAR63_nav.jpg,HAR63_nav_thumb.jpg,/uploads/paintings/16/HAR63_nav_thumb.jpg,1,2011-07-24 20:10:52,342,2025-07-16 17:09:31,Rubin Museum of Himalayan Art,Rubin Museum of Himalayan Art,,"<p>Gift of Shelley and Donald Rubin<br />
        Shangton Chobar (1053-1135)<br />
        Tibet; 16th century<br />
        Pigments on cloth, 34 5/8 × 22 3/8 in. (estimated)<br />
        C2006.66.120</p>",,,painting,61,Sakya
17,Sakya Pandita Kunga Gyaltsen,"<p>
	Four Teachers of the Lamdre Lineage Sakya Pandita, Pakpa Lodro Gyeltsen, Shangton Konshok Pel, Drakphukpa</p>",935,/uploads/paintings/,HAR935_nav.jpg,/uploads/paintings/17/HAR935_nav.jpg,HAR935_nav_thumb.jpg,/uploads/paintings/17/HAR935_nav_thumb.jpg,1,2011-07-24 20:11:54,342,2025-07-16 17:12:18,Rubin Museum of Himalayan Art,Rubin Museum of Himalayan Art,,"<p>Gift of Shelley and Donald Rubin<br />
Tibet; ca. late 15th-16th century<br />
Ground Mineral Pigment on Cotton, 23 3/4 x 19 1/4 in. (estimated)<br />
C2006.66.474</p>",,,painting,69,Sakya
18,Tsongkhapa,"<p>
	Tsongkhapa, founder of the Geluk tradition, with the two principal students, Gyaltsab on the left and Khedrubje on the right.</p>",76,/uploads/paintings/,HAR76_nav.jpg,/uploads/paintings/18/HAR76_nav.jpg,HAR76_nav_thumb.jpg,/uploads/paintings/18/HAR76_nav_thumb.jpg,1,2011-07-24 20:12:28,342,2025-07-16 17:15:22,Rubin Museum of Himalayan Art,Rubin Museum of Himalayan Art,,"<p>Gift of Shelley and Donald Rubin<br />
        Tsongkhapa (1357-1419)<br />
        Central Tibet; 16th century<br />
        Pigments on cloth, 35 3/4 × 22 in.<br />
        C2006.66.129 (HAR 76)</p>",,,painting,61,Geluk
19,Six Kagyu Teachers With Lineage,"<p>
	An important early Kagyu painting, possibly the earliest known depiction of the First Karmapa. The lineage depicted is likely the Shri Saraha Hevajra that passed into Tibet through Zhang Yudrakpa.</p>",89141,/uploads/paintings/,89141.jpg,/uploads/paintings/19/89141.jpg,89141_thumb.jpg,/uploads/paintings/19/89141_thumb.jpg,2,2011-07-25 21:37:42,342,2025-07-16 17:20:59,Rubin Museum of Himalayan Art,Rubin Museum of Himalayan Art,https://rubinmuseum.org/collection/c2006-42-4/,"<p>Teachers of the Kagyu tradtiion with lineage<br />
        Tibet, early 13th century<br />
        Pigments on cloth,9 3/8 × 7 3/8 × 2 in.<br />
        C2006.42.4</p>",,,painting,53,Kagyu
20,Karma Pakshi with lineage,"<p>
	A thirteenth-century portrait of the Second Karmapa, Karma Pakshi.</p>",68871,/uploads/paintings/,68871.jpg,/uploads/paintings/20/68871.jpg,68871_thumb.jpg,/uploads/paintings/20/68871_thumb.jpg,2,2011-07-27 17:25:52,342,2016-05-26 10:14:49,,Private,,,,,painting,49,Kagyu
21,Taklung Tangpa Tashi Pel with lineage,"<p>
	A portrait of Taklung Tangpa Tashi Pel with the basic Kagyu lineage, dating to the thirteenth century.</p>",89957,/uploads/paintings/,89957.jpg,/uploads/paintings/21/89957.jpg,89957_thumb.jpg,/uploads/paintings/21/89957_thumb.jpg,2,2011-07-27 19:37:54,342,2016-05-26 14:28:06,,Private,,,,,painting,49,Taklung Kagyu
22,Early Karmapa with footprints,"<p>
	The footprints of an early Karmapa, probably the first, Dusum Khyenpa, together with a portrait and the eight auspicious symbols.</p>",508,/uploads/paintings/,508.jpg,/uploads/paintings/22/508.jpg,508_thumb.jpg,/uploads/paintings/22/508_thumb.jpg,2,2011-07-28 15:45:39,342,2025-07-16 17:24:21,Rubin Museum of Himalayan Art,Rubin Museum of Himalayan Art,https://rubinmuseum.org/collection/f1997-32-2/,"<p>Gift of the Shelley and Donald Rubin Foundation<br />
        Karmapa with his Footprints<br />
        Central Tibet, late 12th-early 13th century<br />
        Pigments on silk, 20 3/4 × 18 5/8 in.<br />
        F1997.32.2<br /></p>",,,painting,48,Kagyu
24,Cakrasamvara with the footprints of Drigungpa Rinchen Pel.,"<p>
	Chakrasamvara, Sahaja Heruka, with the footprints of Drigungpa Rinchen Pel</p>",65205,/uploads/paintings/,65205.jpg,/uploads/paintings/24/65205.jpg,65205_thumb.jpg,/uploads/paintings/24/65205_thumb.jpg,2,2011-07-28 15:55:55,342,2025-07-16 17:31:32,Rubin Museum of Himalayan Art,Rubin Museum of Himalayan Art,https://rubinmuseum.org/collection/c2003-7-1/,"<p>Chakrasamvara and the Footprints of Drigungpa Jikten Sumgon (1143–1217)<br />
        Tibet, prior to 1217<br />
        Pigments on silk, 24 × 24 3/8 in.<br />
        C2003.7.1<br /></p>",,,painting,49,Drigung Kagyu
25,Pakmodrupa Dorje Gyelpo,"<p>
	Pakmodrupa Dorje Gyelpo. One of the three principal students of Gampopa and teacher to many patriarchs of Kagyu sub-traditions.</p>",65461,/uploads/paintings/,65461.jpg,/uploads/paintings/25/65461.jpg,65461_thumb.jpg,/uploads/paintings/25/65461_thumb.jpg,2,2011-07-29 16:49:41,342,2025-07-16 17:34:17,Rubin Museum of Himalayan Art,Rubin Museum of Himalayan Art,https://rubinmuseum.org/collection/c2005-16-38/,"<p>
        Phakmo Drupa Dorje Gyelpo (1110-1170) with His Previous Incarnations and Episodes from His Life<br />
        Central Tibet, ca. 1270<br />
        Pigments on cloth, 26 × 14 3/4 × 1/4 in.<br />
        C2005.16.38<br /></p>",,,painting,49,Taklung Kagyu
26,Padampa Sanggye,"<p>
	An early statue of the twelfth century adept Padampa Sanggye</p>",68480,/uploads/paintings/,68480.jpg,/uploads/paintings/26/68480.jpg,68480_thumb.jpg,/uploads/paintings/26/68480_thumb.jpg,2,2011-07-29 17:28:09,233,2016-06-22 15:56:42,,Nyingjei Lam,,,,,sculpture,49,Zhije and Chod
28,Sakya Lotsawa with his teachers,"<p>
	Sakya Lotsawa Jampai Dorje, the twenty-third Sakya Tridzin.</p>",89148,/uploads/paintings/,rsz_1rsz_189141_smaller.jpg,/uploads/paintings/28/rsz_1rsz_189141_smaller.jpg,rsz_1rsz_189141_smaller_thumb.jpg,/uploads/paintings/28/rsz_1rsz_189141_smaller_thumb.jpg,2,2011-08-03 16:08:58,342,2025-07-16 17:38:10,Rubin Museum of Himalayan Art,Rubin Museum of Himalayan Art,,"<p>
        Sakya Lotsawa Jamyang Kunga Sonam (1485-1533) with His Twelve Teachers Tibet; 16th century<br />
        Pigments on cloth, 39 1/8 × 31 3/8 in. (estimated)<br />
        C2006.42.5</p>",,,painting,61,Sakya
29,Karma Kagyu Refuge Field,"<p>
	Karma Kagyu Field of Accumulation painting with the Fifteenth Karmapa, Kakyab Dorje, as the last lineage holder at the time of the compositions creation.</p>",65861,/uploads/paintings/,65861 refuge tree smaller.jpg,/uploads/paintings/29/65861 refuge tree smaller.jpg,65861 refuge tree smaller_thumb.jpg,/uploads/paintings/29/65861 refuge tree smaller_thumb.jpg,2,2011-09-06 23:11:34,342,2025-07-16 17:40:05,Rubin Museum of Himalayan Art,Rubin Museum of Himalayan Art,https://rubinmuseum.org/collection/c2010-1/,"<p>
        The Field of Accumulation of Merit<br />
        Tibet, early 20th century<br />
        Pigments on cloth, 57 x 27 in. (144.8 x 68.6 cm)<br />
        C2010.1</p>",,,painting,78,Kagyu
30,Tsongkhapa,"<p>
	A very early -- possibly the earliest known -- portrait of Tsongkhapa narrating his life story.</p>",410,/uploads/paintings/,410 Tsongkhapa.jpg,/uploads/paintings/30/410 Tsongkhapa.jpg,410 Tsongkhapa_thumb.jpg,/uploads/paintings/30/410 Tsongkhapa_thumb.jpg,2,2011-09-24 01:30:02,342,2025-07-16 18:25:21,Rubin Museum of Himalayan Art,Rubin Museum of Himalayan Art,,"<p>Gift of the Shelley &amp; Donald Rubin Foundation<br />
        Life Story of Tsongkhapa (1357-1419)<br />
        Tibet; 15th century<br />
        Pigments on cloth, 56 3/4 x 45 7/8 x 2 1/4 in. (144.1 x 116.5 x 5.7 cm)<br />
        F1996.5.1</p>",,,painting,57,Geluk
31,Gampopa together with early Drukpa Kagyu masters,"<p>
	A magnificent eighteenth century painting depicting Gampopa with a number of early Drukpa Kagyu masters, including early abbots of Ralung Monastery and several of the ""Nine Incomparable Lions.""</p>",276,/uploads/paintings/,HAR276.jpg,/uploads/paintings/31/HAR276.jpg,HAR276_thumb.jpg,/uploads/paintings/31/HAR276_thumb.jpg,2,2011-11-11 17:09:20,342,2025-07-16 18:27:22,"Rubin Museum of Himalayan Art
       ","Rubin Museum of Himalayan Art
       ",,"<p>Gift of the Shelley &amp; Donald Rubin Foundation<br />
        Lama (Teacher), Gampopa<br />
        Tibet; 18th century<br />
        Pigments on cloth, 41 7/8 x 31 3/4 in. (106.4 x 80.6 cm)<br />
        F1997.18.1</p>",,,painting,69,Drukpa Kagyu
32,The Seventh Dalai Lama with previous incarnations,"<p>
	The Seventh Dalai Lama, Kelzang Gyatso, along with a selection of the previous incarnations according to the <em>Kadam Lekbam</em>.</p>",380,/uploads/paintings/,380.Seventh DL.jpg,/uploads/paintings/32/380.Seventh DL.jpg,380.Seventh DL_thumb.jpg,/uploads/paintings/32/380.Seventh DL_thumb.jpg,2,2011-12-14 17:16:45,342,2025-07-16 18:32:03, Rubin Museum of Himalayan Art,Rubin Museum of Himalayan Art,https://rubinmuseum.org/collection/f1997-30-1/,"<p>Gift of the Shelley and Donald Rubin Foundation<br />
        Seventh Dalai Lama (1708–1757) and His Preincarnations<br />
        Tibet, 18th century<br />
        Pigments on cloth, 42 13/16 x 33 1/2 x 2 1/4 in. (108.8 x 85.1 x 5.7 cm)<br />
        F1997.30.1</p>",,,painting,69,Geluk
33,Pakmodrupa,"<p>
	Pakmodrupa Dorje Gyelpo, one of the three principal students of Gampopa.</p>",65119,/uploads/paintings/,65119.Pakmodrupa.jpg,/uploads/paintings/33/65119.Pakmodrupa.jpg,65119.Pakmodrupa_thumb.jpg,/uploads/paintings/33/65119.Pakmodrupa_thumb.jpg,2,2012-04-04 18:50:03,342,2025-07-16 18:52:26,Rubin Museum of Himalayan Art,Rubin Museum of Himalayan Art,https://rubinmuseum.org/collection/c2002-24-3/,"<p>Phakmodrupa (1110–1170) with His Previous Incarnations and Episodes from His Life<br />
        Central Tibet, ca. 1272<br />
        Pigments on cloth, 25 3/4 × 21 1/2 × 1 1/8 in.<br />
        C2002.24.3</p>",,,painting,53,Taklung Kagyu
34,Padmasambhava,"<p>
	The style of this painting is known as <em>tshal thang</em>, a red background with fine gold lines forming the shapes of the subject deities. Only the eyes are filled with white and black pigments.</p>",285,/uploads/paintings/,285 Padmasambhava.jpg,/uploads/paintings/34/285 Padmasambhava.jpg,285 Padmasambhava_thumb.jpg,/uploads/paintings/34/285 Padmasambhava_thumb.jpg,2,2012-04-04 20:05:53,342,2025-07-16 18:54:09,Rubin Museum of Himalayan Art,Rubin Museum of Himalayan Art,https://rubinmuseum.org/collection/c2006-66-229/,"<p>Gift of Shelley and Donald Rubin<br />
        Padmasambhava<br />
        Tibet, late 19th century<br />
        Pigments on cloth,23 x 18 in. (estimated)<br />
        C2006.66.229</p>",,,painting,73,Nyingma
35,Padmasambhava,"<p>
	An early image of Padmasambhava with Nyangrel Nyima Ozer and masters of various traditions, including Padampa Sanggye.</p>",160,/uploads/paintings/,160.Padma and Nyangrel.jpg,/uploads/paintings/35/160.Padma and Nyangrel.jpg,160.Padma and Nyangrel_thumb.jpg,/uploads/paintings/35/160.Padma and Nyangrel_thumb.jpg,2,2013-05-02 18:13:49,342,2016-05-26 14:10:55,Collection of Shelley & Donald Rubin ,Collection of Shelley & Donald Rubin ,,,,,painting,49,Nyingma
36,Namkha Pelzang and a Naro Chodruk lineage,"<p>
	This eighteenth century painting of Namkha Pelzang, the twelfth abbot of Ralung Monastery, belongs to a set of Ralung patriarchs. Two other paintings belonging to the set can be seen on Himalayan Art Resources.</p>",65193,/uploads/paintings/,65193.jpg,/uploads/paintings/36/65193.jpg,65193_thumb.jpg,/uploads/paintings/36/65193_thumb.jpg,2,2013-05-16 14:44:23,342,2025-07-16 19:19:07,Rubin Museum of Himalayan Art,Rubin Museum of Himalayan Art,https://rubinmuseum.org/collection/c2003-9-1/,"<p> Namkha Pelzang (1398–1425)<br />
        Lhathok, Kham Province, Eastern Tibet, 18th - 19th century<br />
        Pigments on cloth, 58 3/4 × 38 1/4 × 1 7/8 in.<br />
        C2003.9.1</p>",,,painting,69,Drukpa Kagyu
37,Gampopa and Karmapa,"<p>
	This 16th century painting depicts two founding patriarchs of the Karma Kagyu school, Gampopa Sonam Rinchen and Dusum Khyenpa, later known as the First Karmapa.</p>
<p>
	&nbsp;</p>",536,/uploads/paintings/,gampopa-karmapa.jpg,/uploads/paintings/37/gampopa-karmapa.jpg,gampopa-karmapa_thumb.jpg,/uploads/paintings/37/gampopa-karmapa_thumb.jpg,294,2013-05-23 18:37:19,342,2025-07-16 19:22:39,"Rubin Museum of Himalayan Art
","Rubin Museum of Himalayan Art
",,"<p>Gift of the Shelley &amp; Donald Rubin Foundation<br />Gampopa<br />
        Tibet; 15th century<br />
        Pigments on cloth, 26 3/4 x 23 in. (67.9 x 58.4 cm)<br />
        F1997.34.1</p>",,,painting,61,Kagyu
39,Wangdu Nyingpo and other masters,"<p>
	Wangdu Nyinpo was the Twenty-ninth Sakya Tridzin. This painting gives visual representation to his previous incarnations, which include Padmasambhava, and some of his disciples.</p>",412,/uploads/paintings/,412.jpg,/uploads/paintings/39/412.jpg,412_thumb.jpg,/uploads/paintings/39/412_thumb.jpg,2,2014-02-12 09:01:08,342,2025-07-16 19:24:23,Rubin Museum of Himalayan Art,Rubin Museum of Himalayan Art,,"<p>Gift of Shelley and Donald Rubin<br />
        Sakya Tridzin Wangdu Nyingpo (c. 1763 – c. 1806)<br />
        Tibet; 18th century<br />
        Ground Mineral Pigment, Fine Gold Line on Cotton, 34 7/8 x 26 in. (88.6 x 66 cm)<br />
        C2006.66.265</p>",,,painting,73,Sakya
40,Jikten Gonpo with the First Chungtsang and the Second Chetsang,"<p>
	This sixteenth century painting shows the Drigung founder, Jikten Gonpo, with two men who stood at the beginning of the two main incarnation lines at monastery, the Drigung Chetsang and the Drigung Chungtsang.</p>",1034,/uploads/paintings/,1034.jpg,/uploads/paintings/40/1034.jpg,1034_thumb.jpg,/uploads/paintings/40/1034_thumb.jpg,2,2014-02-14 07:48:04,342,2025-07-16 19:31:04,Rubin Museum of Himalayan Art,Rubin Museum of Himalayan Art,,"<p>Gift of Shelley and Donald Rubin<br />
Drigungpa Jikten Sumgon (1143-1217)<br />
U Province, Central Tibet; ca. early 18th century<br />
Ground Mineral Pigment on Cotton, 46 5/8 x 26 13/16 x 3/4 in. (118.4 x 68.1 x 1.9 cm)<br />
C2006.66.555</p>",,,painting,61,Drigung Kagyu
42,Portrait of Drenpa Namkha,"<p>
	Nineteenth century portrait of the Bon master Drenpa Namkha surrounded by deities and lineage masters.</p>",65401,/uploads/paintings/,65401.jpg,/uploads/paintings/42/65401.jpg,65401_thumb.jpg,/uploads/paintings/42/65401_thumb.jpg,2,2016-05-20 11:05:41,342,2025-07-16 19:34:14,Rubin Museum of Himalayan Art,Rubin Museum of Himalayan Art,https://rubinmuseum.org/collection/c2005-4-8/,"<p>Drenpa Namkha (ca. 8th century)<br />
        Amdo Province, Eastern Tibet, 19th century<br />
        Pigments on cloth, 46 1/4 × 33 3/8 in. (estimated)<br />
        C2005.4.8<br />",,,painting,73,Bon
43,Drukpa Kagyu Lineage of Bhutan,"<p>
	Nineteenth century painting of the Drukpa Kagyu lineage of Bhutan.</p>",65249,/uploads/paintings/,65249.jpg,/uploads/paintings/43/65249.jpg,65249_thumb.jpg,/uploads/paintings/43/65249_thumb.jpg,342,2016-05-20 12:46:17,342,2025-07-16 19:35:56,Rubin Museum of Himalayan Art,Rubin Museum of Himalayan Art,,"<p>
Gotsangpa Gonpo Dorje (1189 - 1258)<br />           
Bhutan; 19th century<br />
Pigments on cloth, 49 7/8 × 35 1/4 in. (estimated)<br />
C2003.19.3</p>",,,painting,73,Drukpa Kagyu
44,Drukpa Kagyu and Kagyu Lineages,"<p>
	Eighteenth century thangka of Drukpa Kagyu and Kagyu lineage masters.</p>",362,/uploads/paintings/,362.jpg,/uploads/paintings/44/362.jpg,362_thumb.jpg,/uploads/paintings/44/362_thumb.jpg,342,2016-05-20 16:38:30,342,2025-07-16 19:36:56,Rubin Museum of Himalayan Art,Rubin Museum of Himalayan Art,,"<p>Gift of Shelley and Donald Rubin<br />
Pema Karpo (1527-1592)<br />
Tibet;  Late 16th/early 17th century<br />
Pigment on cloth, 27 1/2 x 20 7/8 x 1 1/8 in. (69.9 x 53 x 2.9 cm)<br />
C2006.66.250</p>",,,painting,69,Drukpa Kagyu
46,Episodes from the Life of Milarepa,"<p>
	This nineteenth century painting of Milarepa is possibly a copy of an original from Pelpung Monastery. A representative of the Situ style, it exemplifies the types of paintings commissioned by Situ Panchen and his circle.&nbsp;</p>",921,/uploads/paintings/,milarepa.jpg,/uploads/paintings/46/milarepa.jpg,milarepa_thumb.jpg,/uploads/paintings/46/milarepa_thumb.jpg,342,2016-05-25 16:15:37,342,2025-07-16 19:40:19,Rubin Museum of Himalayan Art,Rubin Museum of Himalayan Art,,"<p>Gift of Shelley and Donald Rubin<br />
        Milarepa (1040 - 1123)<br />
        Tibet; 18th century<br />
        Ground Mineral Pigment on Cotton, 35 3/8 x 26 1/2 x 2 1/4 in. (89.9 x 67.3 x 5.7 cm)<br />
        C2006.66.460</p>",,,painting,73,Kagyu
48,Third Pawo Tsuklak Gyatso,"<div>
	An exceptional painting of the Third Nenang Pawo surrounded by hierarchs of the Karma Kagyu and other traditions. The size of the hand and footprints suggest that they are stylized rather than actual prints.</div>
<div>
	&nbsp;</div>",825,/uploads/paintings/,tsuklak-gyatso.jpg,/uploads/paintings/48/tsuklak-gyatso.jpg,tsuklak-gyatso_thumb.jpg,/uploads/paintings/48/tsuklak-gyatso_thumb.jpg,233,2016-06-03 11:54:49,342,2025-07-16 19:43:20,Rubin Museum of Himalayan Art,Rubin Museum of Himalayan Art,https://rubinmuseum.org/collection/c2006-66-29/,"<p>Gift of Shelley and Donald Rubin<br />
        Third Pawo Rinpoche, Tsuklak Gyatso (1568-1630) with his Handprints and Footprints<br />
        Tibet, early to mid-17th century<br />
        Pigments on cloth, 25 × 18 3/8 in. (estimated)<br />
        C2006.66.29</p>",,,painting,65,Kagyu
49,Śākyaśrībhadra,"<p>
	An eighteenth century painting of the Indian master&nbsp;Śākyaśrībhadra.</p>",142,/uploads/paintings/,sakyasribhadra.jpg,/uploads/paintings/49/sakyasribhadra.jpg,sakyasribhadra_thumb.jpg,/uploads/paintings/49/sakyasribhadra_thumb.jpg,342,2016-06-03 13:08:54,342,2016-06-03 13:19:00,Collection of Shelley & Donald Rubin,Collection of Shelley & Donald Rubin,,,,,painting,69,
50,"Tibetan Trade Delegation to the US and  UK, 1948","<p>
	The Tibetan Trade Delegation to the US and the UK stand outside 10 Downing Street with Prime Minister Clement Atlee. The photo shows, from left to right, Khenchung Tubten Tsepel Taikhang (younger brother of Shakabpa), Finance Minister Wangchuk Deden Shakabpa, Yampel Pangdatsang, Prime Minister Clement Atlee, Surkhang Lhawang Topgyal and Kaludharma Ratna (interpreter). An Advanced Political History of Tibet misidentifies Surkhang Lhawang Topgyal as his father Dzasa Surkhang Surpa Wangchen Tseten, but in fact it was Surkhang Lhawang Topgyal who was part of the trade delegation as its interpreter.&nbsp;</p>",,/uploads/paintings/,DelegationPicture.jpg,/uploads/paintings/50/DelegationPicture.jpg,DelegationPicture_thumb.jpg,/uploads/paintings/50/DelegationPicture_thumb.jpg,343,2016-06-10 13:50:41,343,2016-08-05 12:27:09,,"One Hundred Thousand Moons: An Advanced Political History of Tibet by Tsepon Wangchuck Deden Shakabpa, translated by Derek Maher",https://brill.com/display/title/17829,,,,photograph,79,
51,Padmasambhava,"<p>
	This eighteenth century painting features Padmasambhava surrounded by his consorts Yeshe Tsogyel and Mandarava. Below are Śāntarakṣita&nbsp; and Trisong Detsen.&nbsp;</p>",188,/uploads/paintings/,padmasambhava.jpg,/uploads/paintings/51/padmasambhava.jpg,padmasambhava_thumb.jpg,/uploads/paintings/51/padmasambhava_thumb.jpg,342,2016-06-10 14:31:39,342,2025-07-16 19:46:28,Rubin Museum of Himalayan Art,Rubin Museum of Himalayan Art,,"<p>Gift of the Shelley & Donald Rubin Foundation<br />
Padmasambhava<br />
Tibet; 19th century<br />
Pigments on cloth, 28 5/8 x 20 1/2 in. (estimated)<br />
F1997.12.1</p>",,,painting,73,Nyingma
52,The Demoness of Tibet,"<p>
	The Demoness of Tibet is a close copy of a well-known image located in the Tibet Museum in Lhasa. The landscape of Tibet is shown as the mythical demoness of Tibetan legend. Important Buddhist temples and monasteries are located across her body, spanning from the Ngari region in the west to Kham in the east.&nbsp;</p>",65719,/uploads/paintings/,demoness.jpg,/uploads/paintings/52/demoness.jpg,demoness_thumb.jpg,/uploads/paintings/52/demoness_thumb.jpg,342,2016-06-10 15:10:40,342,2019-01-23 15:35:15,Rubin Museum of Himalayan Art,Rubin Museum of Himalayan Art,https://rubinmuseum.org/collection/c2006-1-1/,"<p>
        Tibet; Late 19th/early 20th century<br />
        Pigments on cloth<br />
        C2006.1.1</p>",,,painting,77,
53,Khenpo Jigme Puntsok with Khandro Tāre Lama and Namtrul Jigme Puntsok,"<p>
	Prolific treasure revealers Namtrul Jigme Phuntsok and Khandro Tāre Lhamo are pictured beside Khenpo Jigme Puntsok, who gave them teachings and also authorized them as treasure revealers.&nbsp;</p>",,/uploads/paintings/,Terton Couple with Khenpo Jigme Phuntsok.jpg,/uploads/paintings/53/Terton Couple with Khenpo Jigme Phuntsok.jpg,Terton Couple with Khenpo Jigme Phuntsok_thumb.jpg,/uploads/paintings/53/Terton Couple with Khenpo Jigme Phuntsok_thumb.jpg,342,2016-06-13 13:09:37,342,2016-06-13 13:11:20,,,,,,,photograph,80,Nyingma
54,The First Dorje Drak Rigdzin,"<p>
	A nineteenth century painting featuring the First Dorje Drak Rigdzin, Rigdzin Godemchen Ngodrub Gyeltsen, a Nyingma treasure revealer who discovered the Jangter, or Northern Treasures.&nbsp;</p>",1066,/uploads/paintings/,1066-godemchen.jpg,/uploads/paintings/54/1066-godemchen.jpg,1066-godemchen_thumb.jpg,/uploads/paintings/54/1066-godemchen_thumb.jpg,342,2016-06-13 16:00:42,342,2025-07-16 20:19:57,Rubin Museum of Himalayan Art,Rubin Museum of Himalayan Art,,"<p>Gift of Shelley and Donald Rubin<br />
Godemchen Ngodrub Gyeltsen (1337-1409)<br />
Tibet; 19th century<br />
Ground Mineral Pigment on Cotton, 20 1/2 x 15 in. (52.1 x 38.1 cm)<br />
C2006.66.580</p>",,,painting,53,Nyingma
55,Puchungwa Zhonnu Gyelsten,"<p>
	An eighteenth century painting of Puchungwa Zhonnu Gyeltsen with Rinchen Zangpo.</p>",376,/uploads/paintings/,376-puchungwa.jpg,/uploads/paintings/55/376-puchungwa.jpg,376-puchungwa_thumb.jpg,/uploads/paintings/55/376-puchungwa_thumb.jpg,342,2016-06-13 16:30:08,342,2016-06-13 16:41:41,Collection of Shelley & Donald Rubin,Collection of Shelley & Donald Rubin,,,,,painting,69,Kadam; Geluk
56,Padmasambhava with Drigung Kagyu Refuge Field,"<p>
	This late eighteenth or early twentieth century Drigung Kagyu painting of Padmasambhava and the Drigung Kagyu refuge field is associated with a terma tradition of Rinchen Puntsok. Drigung Monastery is pictured along the bottom of the painting along with Terdrom on the left edge. A nearby treasure site is shown adjacent to Terdrom.</p>",413,/uploads/paintings/,413-padmasambhava.jpg,/uploads/paintings/56/413-padmasambhava.jpg,413-padmasambhava_thumb.jpg,/uploads/paintings/56/413-padmasambhava_thumb.jpg,342,2016-06-13 17:00:09,342,2025-07-16 20:21:14,Rubin Museum of Himalayan Art,Rubin Museum of Himalayan Art,,"<p>, Gift of Shelley and Donald Rubin<br />
        Refuge Field of Drikung Tradition<br />
        Drigung Monastery, Central Tibet or Ladakh; 19th century<br />
        Ground Mineral Pigment, Fine Gold Line on Cotton, 21 1/2 × 14 7/8 in.
        C2006.66.266</p>",,,painting,76,Drigung Kagyu
57,Surkhang Wangchen Tseten and Lhagyari Tseten Chodzom,"<p>
	Surkhang Wangchen Tseten and his first wife Lhagyari Tseten Chodzom, circa 1926.&nbsp;</p>",,/uploads/paintings/,photo (9).JPG,/uploads/paintings/57/photo (9).JPG,photo (9)_thumb.JPG,/uploads/paintings/57/photo (9)_thumb.JPG,343,2016-06-16 13:29:08,343,2016-06-22 15:36:32,,House of the Turquoise Roof by Dorje Yudon Yuthok,http://www.shambhala.com/house-of-the-turquoise-roof.html,,,,photograph,77,
58,Yuthok Dorje Yudon,"<p>
	Yuthok Dorje Yudon, second from right, with her relatives, ca. 1937, was a member of two prominent Lhasa families, the Surkhangs and the Yuthoks.&nbsp;</p>",,/uploads/paintings/,photo (11).JPG,/uploads/paintings/58/photo (11).JPG,photo (11)_thumb.JPG,/uploads/paintings/58/photo (11)_thumb.JPG,343,2016-06-16 13:53:59,343,2016-06-16 14:04:47,,,,,,,photograph,78,
59,Lhagyari Namgyel Gyatso,"<p>
	Lhagyari Namgyel Gyatso, the Seventeenth Ruler of Eyul and the head of the aristocratic Lhagyari family, in his later years in exile in India.</p>",,/uploads/paintings/,LhagyariNamgyelGyatso1.jpg,/uploads/paintings/59/LhagyariNamgyelGyatso1.jpg,LhagyariNamgyelGyatso1_thumb.jpg,/uploads/paintings/59/LhagyariNamgyelGyatso1_thumb.jpg,343,2016-06-16 14:23:23,343,2016-06-16 14:25:35,,,,,,,photograph,77,
60,Lhagyari Namgyel Gyatso and Lhagyari Puntsok Drolkar,"<p>
	A wedding picture of Lhagyari Namgyel Gyatso, the Seventeenth Ruler of Eyul, with his second wife Puntsok Drolkar, in India. In 1985.&nbsp;</p>",,/uploads/paintings/,LhagyariWedding.jpg,/uploads/paintings/60/LhagyariWedding.jpg,LhagyariWedding_thumb.jpg,/uploads/paintings/60/LhagyariWedding_thumb.jpg,343,2016-06-16 14:57:41,343,2016-06-22 15:36:16,,The Lhagyari Chronicles,http://purl.bdrc.io/resource/MW00KG09731,,,,photograph,77,
61,Yuthok Dorje Yudon,"<p>
	A photo of Yuthok Dorje Yudon, a member of the Surkhang family who married into the Yuthoks, in 1988, taken by Christine Cox.&nbsp;</p>",,/uploads/paintings/,photo (7).JPG,/uploads/paintings/61/photo (7).JPG,photo (7)_thumb.JPG,/uploads/paintings/61/photo (7)_thumb.JPG,343,2016-06-17 14:36:04,343,2016-06-22 14:58:29,,House of the Turquoise Roof by Dorje Yudon Yuthok,http://www.shambhala.com/house-of-the-turquoise-roof.html,,,,photograph,80,
62,Surkhang Wangchen Gelek,"<p>
	Surkhang Wangchen Gelek, who became a Kalon of the Tibetan government at the age of 33.&nbsp;</p>",,/uploads/paintings/,Courtsey of Shambhala Publications.jpg,/uploads/paintings/62/Courtsey of Shambhala Publications.jpg,Courtsey of Shambhala Publications_thumb.jpg,/uploads/paintings/62/Courtsey of Shambhala Publications_thumb.jpg,343,2016-06-17 15:03:15,343,2016-06-17 15:14:20,Pitt Rivers Museum,Pitt Rivers Museum,https://www.prm.ox.ac.uk/collections-online#/item/prm-object-399853,,Hugh E. Richardson,,photograph,79,
63,Surkhang Wangchen  Gelek,"<p>
	Surkhang Wangchen Gelek is pictured with His Holiness the Fourteenth Dalai Lama to the right. This is clearly at some sort of ceremonial event in Lhasa.&nbsp;</p>",,/uploads/paintings/,Courtesy of TransHimalayan Heritage1.jpg,/uploads/paintings/63/Courtesy of TransHimalayan Heritage1.jpg,Courtesy of TransHimalayan Heritage1_thumb.jpg,/uploads/paintings/63/Courtesy of TransHimalayan Heritage1_thumb.jpg,343,2016-06-17 15:38:07,343,2016-06-17 15:40:41,,TransHimalayan Heritage,,,,,photograph,79,
65,Yuthok Tashi Dhondup and Taring Jigme,"<p>
	Yuthok Tashi Dhondup and Taring Jigme, generals in the Tibetan army, circa 1931. Yuthok was Depon or general of the Drongdrak garrison at the time.</p>",,/uploads/paintings/,photo-20.JPG,/uploads/paintings/65/photo-20.JPG,photo-20_thumb.JPG,/uploads/paintings/65/photo-20_thumb.JPG,343,2016-06-17 17:03:04,343,2016-06-22 15:01:33,,House of the Turquoise Roof by Dorje Yudon Yuthok,http://www.shambhala.com/house-of-the-turquoise-roof.html,,,,photograph,78,
66,A sculpture of Lowo Khenchen,"<p>
	A cast bronz sculpture of the 15th-16th century Ngor master Lowo Khenchen Sonam Lhundrub</p>",87137,/uploads/paintings/,Lowo Khenchen.jpg,/uploads/paintings/66/Lowo Khenchen.jpg,Lowo Khenchen_thumb.jpg,/uploads/paintings/66/Lowo Khenchen_thumb.jpg,2,2016-06-22 16:35:58,2,2016-06-22 16:41:13,Philadelphia Museum of Art,Philadelphia Museum of Art,https://philamuseum.org/collection/object/258403,,Lowo Khenchen Sonam Lhundrub,10497,sculpture,,Sakya
67,The Potala Palace and the Main Monuments of Lhasa,"<p>
	This painting shows major sites of Lhasa including the Jokhang, Potala Palace and Lukhang. The monasteries of Sera, Drepung, and Sangpu Neutok are also pictured. It is possible that the image depicts activities during Losar festivities.</p>
<p>
	&nbsp;</p>
<p>
	&nbsp;</p>",65848,/uploads/paintings/,C2009.4HAR65848.jpg,/uploads/paintings/67/C2009.4HAR65848.jpg,C2009.4HAR65848_thumb.jpg,/uploads/paintings/67/C2009.4HAR65848_thumb.jpg,342,2016-07-14 17:23:04,342,2025-07-16 20:31:41,Rubin Museum of Himalayan Art,Rubin Museum of Himalayan Art,https://rubinmuseum.org/collection/c2009-4/,"<p>The Potala Palace and the main Monuments of Lhasa<br />
        Tibet or Inner Mongolia, 18th - early 19th century (ca 1757-1804)<br />
        Pigments on cloth, 35 1/4 × 25 7/8 in. (estimated)<br />
        C2009.4</p>",,,painting,77,Geluk
68,Scenes from the Life of the Fifth Dalai Lama (1617-1682),"<p>
	An eighteenth century painting of The Fifth Dalai Lama pictured with major scenes from his life.&nbsp;</p>",65275,/uploads/paintings/,62 Rubin Dalai Lama C2003.9.2 image only.jpg,/uploads/paintings/68/62 Rubin Dalai Lama C2003.9.2 image only.jpg,62 Rubin Dalai Lama C2003.9.2 image only_thumb.jpg,/uploads/paintings/68/62 Rubin Dalai Lama C2003.9.2 image only_thumb.jpg,342,2016-08-29 17:02:24,342,2025-07-16 20:35:09,Rubin Museum of Himalayan Art,Rubin Museum of Himalayan Art,https://rubinmuseum.org/collection/c2003-9-2/,"<p>Fifth Dalai Lama (1617–1682) with Episodes from His Life<br />
        U Region, Central Tibet, 18th century<br />
        Pigments on cloth, 70 3/4 × 40 1/2 × 2 in.<br />
        C2003.9.2</p>",,,painting,69,Geluk
69,Perspective Drawing of Lhasa,"<p>
	This drawing shows Lhasa before 1950 from an elevated perspective. The highly detailed representation shows many major monasteries and landmarks of Lhasa.</p>",,/uploads/paintings/,Lhasa perspective.jpg,/uploads/paintings/69/Lhasa perspective.jpg,Lhasa perspective_thumb.jpg,/uploads/paintings/69/Lhasa perspective_thumb.jpg,342,2016-09-07 12:46:07,342,2016-09-07 12:55:31,Collection of Knud Larsen,Collection of Knud Larsen,,,,,painting,78,
70,Rinchen Sadutshang with Taklha Phuntsok Tashi,"<p>
	Rinchen Sadutshang, a fifth rank official at the Tibetan foreign ministry, with his colleague Takla Phuntsok Tashi, a brother in law of the Fourteenth Dalai Lama, in front of the Potala in 1952. Sadutshang would later become a Kalon in India in 1978 and would become the Representative at the Bureau of the Dalai Lama in Delhi, his last post before retirement.&nbsp;</p>
<p>
	&nbsp;</p>",,/uploads/paintings/,R Sadutshang with Taklha.JPG,/uploads/paintings/70/R Sadutshang with Taklha.JPG,R Sadutshang with Taklha_thumb.JPG,/uploads/paintings/70/R Sadutshang with Taklha_thumb.JPG,343,2016-09-07 15:34:34,343,2016-09-07 17:29:01,,A Life Unforeseen: A Memoir of Service to Tibet by Rinchen Sadutshang,https://wisdomexperience.org/product/life-unforeseen/,,,,photograph,79,
71,"Lo Gendun Sadutshang with Khampas, 1951","<p>
	Lo Gendun Sadutshang with Khampas he had gathered as armed guards to escort the young Fourteenth Dalai Lama, who had just assumed full political power, from the capital Lhasa to Yatung by the border for safety, in December 1951.&nbsp;</p>
<div>
	&nbsp;</div>",,/uploads/paintings/,Lo Gendun Sadutshang.JPG,/uploads/paintings/71/Lo Gendun Sadutshang.JPG,Lo Gendun Sadutshang_thumb.JPG,/uploads/paintings/71/Lo Gendun Sadutshang_thumb.JPG,343,2016-09-07 15:36:41,343,2016-09-09 13:48:35,,A Life Unforeseen: A Memoir of Service to Tibet by Rinchen Sadutshang,https://wisdomexperience.org/product/life-unforeseen/,,,,photograph,79,
72,Tibetan Delegation to the United Nations,"<p>
	Tibetan government officials Rinchen Sadutshang, Tsipon Wangchuk Deden Shakabpa and Gyalo Thondup, the Dalai Lama's older brother in front of the United Nations in September 1959. The delegation made three such trips to the UN, in the falls of 1959, 1960 and 1961, to seek support for Tibet. &nbsp;</p>
<p>
	&nbsp;</p>",,/uploads/paintings/,UN Delegation pic.jpg,/uploads/paintings/72/UN Delegation pic.jpg,UN Delegation pic_thumb.jpg,/uploads/paintings/72/UN Delegation pic_thumb.jpg,343,2016-09-07 16:30:26,342,2019-06-05 17:58:57,,A Life Unforeseen: A Memoir of Service to Tibet by Rinchen Sadutshang,https://wisdomexperience.org/product/life-unforeseen/,,,,photograph,79,
73,Khedrubje Gelek Pelzang,"<p>
	To the left, Khedrupje is depicted while thinking of his great teacher, Tsongkhapa, who appears above him on a cloud. On the middle right, Khedrubje is making an offering to Tsongkhapa. On the lower right, Khedrubje is seated while editing a manuscript.</p>",56,/uploads/paintings/,khedrupje.jpg,/uploads/paintings/73/khedrupje.jpg,khedrupje_thumb.jpg,/uploads/paintings/73/khedrupje_thumb.jpg,342,2016-09-08 14:51:37,342,2024-08-06 17:53:26,Collection of Shelley & Donald Rubin,Collection of Shelley & Donald Rubin,,,,,painting,73,Geluk
74,Third Karmapa and Lineage Masters,"<p>
	A unique image made with ink shows Buddhist masters from multiple traditions. The style is considered unusual and has been associated with the Tenth Karmapa.</p>",65562,/uploads/paintings/,thirdkarmapa.jpg,/uploads/paintings/74/thirdkarmapa.jpg,thirdkarmapa_thumb.jpg,/uploads/paintings/74/thirdkarmapa_thumb.jpg,342,2016-09-29 13:36:48,342,2025-07-16 20:39:26,Rubin Museum of Himalayan Art,Rubin Museum of Himalayan Art,https://rubinmuseum.org/collection/c2005-34-1/,"<p>
        Third Karmapa Rangjung Dorje (1284-1339) and Other Luminaries of the Rime """"Non-Sectarian"""" Movement<br />
        Kham Province, Eastern Tibet, 19th century<br />
        Mineral pigments on cloth, 38 3/8 × 22 × 1 in.<br />
        C2005.34.1</p>",,,painting,73,Kagyu; Nyingma; Sakya
77,Milarepa,"<p>
	An eighteenth century scuplture of Milarepa from Tibet, carved of stone.</p>",700037,/uploads/paintings/,milarepa.jpg,/uploads/paintings/77/milarepa.jpg,milarepa_thumb.jpg,/uploads/paintings/77/milarepa_thumb.jpg,342,2016-12-15 11:51:39,342,2025-07-16 20:42:03,Rubin Museum of Himalayan Art,Rubin Museum of Himalayan Art,https://rubinmuseum.org/collection/f1997-52-4/,"<p>Gift of the Shelley and Donald Rubin Foundation<br />
        Milarepa (1040 - 1123)<br />
        Tibet, 18th century<br />
        Stone, 4 3/8 × 3 3/8 × 2 1/4 in.<br />
        F1997.52.4</p>",,,sculpture,69,Kagyu
78,The Eighth Tatsak,"<p>
	A nineteenth century painting from Tibet of the Eighth Tatsak with prominent Geluk figures.&nbsp;</p>",65916,/uploads/paintings/,kundeling.jpg,/uploads/paintings/78/kundeling.jpg,kundeling_thumb.jpg,/uploads/paintings/78/kundeling_thumb.jpg,342,2016-12-15 12:07:48,342,2025-07-16 20:43:46,Rubin Museum of Himalayan Art,Rubin Museum of Himalayan Art,,"<p>The Eighth Tatsak, Yeshe Lobsang Tenpai Gonpo (1760-1810)<br>
East Tibet, probably southern Kham; early 19th century<br>
Pigment on cloth, 45 1/2 x 24 1/2 x 3/8 in. (115.6 x 62.2 x 1 cm)<br>
C2011.2.1</p>",,,painting,73,Geluk
79,Surkhang Wangchen Gelek with Dekyi Lhaze,"<p>
	Surkhang Wangchen Gelek with wife Dekyi Lhaze and daughter in Lhasa city with the Potala Palace in the background. The photo was taken by Heinrich Harrer.&nbsp;</p>",,/uploads/paintings/,photo (14).JPG,/uploads/paintings/79/photo (14).JPG,photo (14)_thumb.JPG,/uploads/paintings/79/photo (14)_thumb.JPG,343,2016-12-15 17:39:51,343,2016-12-15 17:41:32,,House of the Turquoise Roof by Dorje Yudon Yuthok,http://www.shambhala.com/house-of-the-turquoise-roof.html,,,,photograph,,
80,Rigdzin Kunzang Sherab,"<p>
	An 18th century painting of Rigdzin Kunzang Sherab, the founder of Pelyul monastery, surrounded by deities and Nyingma masters.</p>",777,/uploads/paintings/,rigdzinkunzangsherab.jpg,/uploads/paintings/80/rigdzinkunzangsherab.jpg,rigdzinkunzangsherab_thumb.jpg,/uploads/paintings/80/rigdzinkunzangsherab_thumb.jpg,342,2017-01-30 10:22:22,342,2025-07-16 20:45:05,Rubin Museum of Himalayan Art,Rubin Museum of Himalayan Art,,"<p>Gift of Shelley and Donald Rubin<br />
        Rigdzin Kunzang Sherab (1636 - 1698)<br />
        Tibet; 18th century<br />
        Ground Mineral Pigment on Cotton, 25 1/2 x 18 in. (64.8 x 45.7 cm)<br />
        C2006.66.350</p>",,,,69,Nyingma
81,Shakyamuni Buddha,"<p>
        The central figure of Shakyamuni Buddha is shown with Tsongkhapa and primary disciples in the upper left corner. Below are protector deities.</p>",39,/uploads/paintings/,tsongkhapa.jpg,/uploads/paintings/81/tsongkhapa.jpg,tsongkhapa_thumb.jpg,/uploads/paintings/81/tsongkhapa_thumb.jpg,342,2017-02-01 12:48:45,342,2025-07-16 21:07:54,Rubin Museum of Himalayan Art,Rubin Museum of Himalayan Art,https://rubinmuseum.org/collection/f1997-1-5,"<p>Gift of the Shelley and Donald Rubin Foundation<br />
        Buddha Shakyamuni<br />
        Amdo Province, Eastern Tibet, 16th century<br />
        Pigments on cloth, 46 3/4 x 36 3/4 in. (estimated)<br />
        F1997.1.5</p>",,,painting,0,Geluk
82,Machik Labdron,"<p>
	This nineteenth century painting depicts Machik Labdron with tantric deities and mahasiddhas.&nbsp;</p>",619,/uploads/paintings/,machik.jpg,/uploads/paintings/82/machik.jpg,machik_thumb.jpg,/uploads/paintings/82/machik_thumb.jpg,342,2017-02-03 11:23:20,342,2025-07-18 13:35:17,"Rubin Museum of Himalayan Art
      ","Rubin Museum of Himalayan Art
      ",,"Gift of Shelley &amp; Donald Rubin Foundation<br />
        Machik Labdron (1055-1153)<br />
        Kham region, Eastern Tibet; 19th century<br />
        Pigments on cloth, Object: 23 × 16 1/2 in.<br />
        F1998.4.11</p>",,,painting,73,Kagyu
83,Padmasambhava with Jigme Lingpa and Disciples,"<p>
	This 18th century painting depicts Padmasambhava as a monk surrounded by several disciples and Jigme Lingpa above his head.</p>",12,/uploads/paintings/,padmasambhava-disciples.jpg,/uploads/paintings/83/padmasambhava-disciples.jpg,padmasambhava-disciples_thumb.jpg,/uploads/paintings/83/padmasambhava-disciples_thumb.jpg,342,2017-02-10 10:41:21,342,2025-07-16 21:09:42,Rubin Museum of Himalayan Art,Rubin Museum of Himalayan Art,,"<p>Gift of Shelley and Donald Rubin<br />
        Padmasambhava Holding a Treasure Casket (terma)<br />
        Bhutan or Central Tibet; 17th-18th century<br />
        Pigments on cloth, 68 7/8 × 39 1/4 × 3/4 in.<br />
        C2006.66.4</p>",,,painting,69,Nyingma
84,Mahakala with Four Hands,"<p>
	The central figure of Mahākāla is depicted with historical figures including Nāgārjuna and Ga Lotsāwa, as well as masters of the Drukpa Kagyu lineage.</p>",453,/uploads/paintings/,mahakala-drukpa.jpg,/uploads/paintings/84/mahakala-drukpa.jpg,mahakala-drukpa_thumb.jpg,/uploads/paintings/84/mahakala-drukpa_thumb.jpg,342,2017-03-22 11:54:14,342,2025-07-16 21:11:50,Rubin Museum of Himalayan Art,Rubin Museum of Himalayan Art,https://rubinmuseum.org/collection/f1996-14-1/,"<p>Gift of the Shelley and Donald Rubin Foundation<br />
        Four-Armed Mahakala<br />
        Tibet, 18th century<br />
        Pigments on cloth, Object: 35 3/8 × 28 1/8 in.<br />
        F1996.14.1</p>",,,painting,69,Drukpa Kagyu
85,Three Sisters,"<p>
	The Three Sisters were Indian deities brought into the Tibetan pantheon initially in the eleventh century by the Sakya translator <a href=""/biographies/view/Bari-Lotsawa-Rinchen-Drak/TBRC_p3731"">Bari Lotsawa Rinchen Drak</a> and later through treasure revelation.</p>",1047,/uploads/paintings/,01047.JPG,/uploads/paintings/85/01047.JPG,01047_thumb.JPG,/uploads/paintings/85/01047_thumb.JPG,2,2017-06-13 10:10:32,342,2017-06-13 12:12:00,Shelley and Donald Rubin Collection,Collection of Shelley & Donald Rubin,,,,,painting,73,Nyingma
87,Group of Tibetan Army Officers,"<p>
	A group of Tibetan army officers with Tsarong Dasang Damdul seated in the center. The photo was likely taken in Lhasa. Tsarong, a commoner who rose to become Commander-in-Chief, created the first modern Tibetan army.&nbsp;</p>",,/uploads/paintings/,photo (22).JPG,/uploads/paintings/87/photo (22).JPG,photo (22)_thumb.JPG,/uploads/paintings/87/photo (22)_thumb.JPG,343,2017-06-15 17:08:36,343,2017-06-15 17:12:24,,Daughter of Tibet by Rinchen Dolma Taring,,,,,photograph,78,
88,Taring Women,"<p>
	Taring Rinchen Dolma with her mother-in-law Rani Taring and her sister-in-law Kalden Wangmo. Raja Taring, Tsodrak Namgyal, of Sikkim, fled to Tibet in 1892 when the British Army entered Gangtok. He remained in Tibet, living at Taring estate near Gyantse, and later abdicating the Sikkim throne. His sons entered Tibetan government service.&nbsp;</p>
<p>
	&nbsp;</p>",,/uploads/paintings/,photo (23).JPG,/uploads/paintings/88/photo (23).JPG,photo (23)_thumb.JPG,/uploads/paintings/88/photo (23)_thumb.JPG,343,2017-06-16 15:06:40,343,2017-06-16 15:10:15,,Daughter of Tibet by Rinchen Dolma Taring,,,,,photograph,78,
89,Go Lotsawa Khukpa Lhetse,"<p>
	The important translator Go Khukpa Lhetse is the central figure of this 19th century painting, with Atiśa depicted above.&nbsp;</p>",71925,/uploads/paintings/,khukpa-lhetse.jpg,/uploads/paintings/89/khukpa-lhetse.jpg,khukpa-lhetse_thumb.jpg,/uploads/paintings/89/khukpa-lhetse_thumb.jpg,342,2017-08-22 12:00:11,342,2017-08-22 12:02:52,"Tibet House Museum, New Delhi","Tibet House Museum, New Delhi",,,,,painting,73,Geluk
90,Do Khyentse Yeshe Dorje,"<p>
	This 19th century painting depicts the central figure of Do Khyentse Yeshe Dorje with previous Nyingma masters above.&nbsp;</p>",300,/uploads/paintings/,do-khyentse.jpg,/uploads/paintings/90/do-khyentse.jpg,do-khyentse_thumb.jpg,/uploads/paintings/90/do-khyentse_thumb.jpg,342,2017-08-22 12:19:51,342,2025-07-16 21:19:20,Rubin Museum of Himalayan Art,Rubin Museum of Himalayan Art,,"<p>Gift of Shelley and Donald Rubin<br />
        Do Khyentse Yeshe Dorje (1800 - 1866)<br />
        Tibet; late 19th century<br />
        Ground Mineral Pigment on Cotton, 22 1/2 x 16 1/2 in. (57.2 x 41.9 cm)<br />
        C2006.66.233</p>",,,painting,73,Nyingma
91,Śākyamuni Buddha with Geluk Masters,"<p>
	This eighteenth-century painting depicts Śākyamuni Buddha with primordial buddha Vajradhara, bodhisattvas Maitreya and Mañjuśrī, and multiple Geluk masters.&nbsp;</p>",309,/uploads/paintings/,shakyamuni.jpg,/uploads/paintings/91/shakyamuni.jpg,shakyamuni_thumb.jpg,/uploads/paintings/91/shakyamuni_thumb.jpg,342,2017-08-22 12:35:48,342,2025-07-16 21:22:37,Rubin Museum of Himalayan Art,Rubin Museum of Himalayan Art,,"<p>Gift of Shelley and Donald Rubin<br />
        Buddha Shakyamuni and Teachers of the Gelukpa Tradition<br />
        Central Tibet; 18th century<br />
        Pigments on cloth, 37 × 25 1/2 in. (estimated)<br />
        C2006.66.12</p>",,,painting,69,Geluk
93,Pema Karpo,"<p>
	This 19th Century painting from Bhutan shows Pema Karpo surrounded by deities and Buddhist masters Marpa, Milarepa, and Marpa. The primordial buddha Vajradhara is pictured above the central figure.&nbsp;</p>",615,/uploads/paintings/,pemakarpo.jpg,/uploads/paintings/93/pemakarpo.jpg,pemakarpo_thumb.jpg,/uploads/paintings/93/pemakarpo_thumb.jpg,342,2017-11-01 16:48:54,342,2025-07-16 21:26:54,Rubin Museum of Himalayan Art,Rubin Museum of Himalayan Art,,"<p>Gift of the Shelley &amp; Donald Rubin Foundation<br />
        Pema Karpo (1527–1592)<br />
        Tibet; 19th century<br />
        Pigments on cloth, 30 1/2 x 24 5/8 in. (77.5 x 62.5 cm)<br />
        F1998.1.4</p>",,,painting,73,Kagyu
94,Sachen Kunga Nyingpo,"<p>
	A fifteenth century painting of Sachen Kunga Nyingpo, the Third Sakya Trizin and son of Khon Konchok Gyelpo.</p>",944,/uploads/paintings/,sachen.jpg,/uploads/paintings/94/sachen.jpg,sachen_thumb.jpg,/uploads/paintings/94/sachen_thumb.jpg,342,2017-11-02 15:12:22,342,2017-11-02 15:13:19,,Private,,,,,painting,57,Sakya
95,Avalokiteśvara Jinasagara with Kagyu Masters,"<p>
	Avalokiteśvara Jinasagara&nbsp;is depicted at center with meditation deities immediately surrounding: Hayagrīva (left), Guhyajñāna (right), Siddharajni (center top), Mahākāla (center bottom). On the uppermost level is Milarepa on the left, Marpa in the center, and Gampopa on the right.&nbsp;</p>",696,/uploads/paintings/,avalokiteshvara.jpg,/uploads/paintings/95/avalokiteshvara.jpg,avalokiteshvara_thumb.jpg,/uploads/paintings/95/avalokiteshvara_thumb.jpg,342,2018-01-16 15:39:56,342,2025-07-16 21:28:58,Rubin Museum of Himalayan Art,Rubin Museum of Himalayan Art,,"<p>Gift of Shelley and Donald Rubin<br />
Jinasagara Avalokiteshvara<br />
Kham Province, Eastern Tibet; 19th century<br />
Pigments on cloth,19 3/8 × 13 5/8 in.<br />
C2006.66.302</p>",,,painting,73,Kagyu
97,Padmasambhava as Pema Jungne,"<p>
	A nineteenth century painting of Padmasambhava as Pema Jungne depicts his disciple Sokpo Pelgyi Yeshe in the lower left corner.&nbsp;</p>",65094,/uploads/paintings/,65094.jpg,/uploads/paintings/97/65094.jpg,65094_thumb.jpg,/uploads/paintings/97/65094_thumb.jpg,342,2018-01-24 19:17:30,342,2025-07-16 21:30:43,Rubin Museum of Himalayan Art,Rubin Museum of Himalayan Art,https://rubinmuseum.org/collection/c2002-19-1/,"<p>Pema Jungne, one of the Eight Manifestations of Padmasambhava<br />
        Kham Region, Eastern Tibet, late 18th-19th century<br />
        Pigments on cloth, 26 × 17 in. (estimated)<br />
        C2002.19.1</p>",,,painting,73,Nyingma
98,Padmasambhava as Sengge Dradok,"<p>
	This Nyingma painting of Padmasambhava as Sengge Dradok shows Yeshe Tsogyel in the lower right corner.</p>",633,/uploads/paintings/,Padmasambhava-Sengge-Dradok.jpg,/uploads/paintings/98/Padmasambhava-Sengge-Dradok.jpg,Padmasambhava-Sengge-Dradok_thumb.jpg,/uploads/paintings/98/Padmasambhava-Sengge-Dradok_thumb.jpg,342,2018-02-01 19:44:56,342,2025-07-16 21:34:24,Rubin Museum of Himalayan Art,Rubin Museum of Himalayan Art,https://rubinmuseum.org/collection/f1997-30-8/,"<p>Gift of the Shelley and Donald Rubin Foundation<br />
        Senge Dradok, one of the Eight Manifestations of Padmasambhava<br />
        Kham Province, Eastern Tibet, 18th century<br />
        Pigments on cloth, 37 1/8 x 28 1/4 x 2 1/4 in. (94.3 x 71.8 x 5.7 cm)<br />
        F1997.30.8</p>",,,painting,69,Nyingma
99,Jatson Nyingpo,"<p>
	19th century painting of Jatson Nyingpo from eastern Tibet depicts the prolific treasure revealer wearing monks robes.</p>",1035,/uploads/paintings/,jatson-nyingpo.jpg,/uploads/paintings/99/jatson-nyingpo.jpg,jatson-nyingpo_thumb.jpg,/uploads/paintings/99/jatson-nyingpo_thumb.jpg,342,2018-02-02 16:10:05,342,2025-07-16 21:36:30,Rubin Museum of Himalayan Art,Rubin Museum of Himalayan Art,https://rubinmuseum.org/collection/c2006-66-556/,"<p>Gift of Shelley and Donald Rubin<br />
        Jatson Nyingpo (1585-1656)<br />
        Eastern Tibet, 19th century<br />
        Pigments on cloth, 44 7/8 x 25 1/8 x 1 1/4 in. (114 x 63.8 x 3.2 cm)<br />
        C2006.66.556</p>",,,painting,73,Nyingma
100,Machik Labdron,"<p>
	19th Century painting of Machig Labdron as a wisdom dakini.</p>",57037,/uploads/paintings/,machig-57037.jpg,/uploads/paintings/100/machig-57037.jpg,machig-57037_thumb.jpg,/uploads/paintings/100/machig-57037_thumb.jpg,342,2018-03-12 15:33:16,342,2025-07-16 21:38:43,Rubin Museum of Himalayan Art,Rubin Museum of Himalayan Art,https://rubinmuseum.org/collection/c2010-3/,"<p>Machik Labdron (1055-1153)<br />
        Kham Province, Eastern Tibet, 19th century<br />
        Pigments on cloth, 25 1/2 x 16 7/8 in. (estimated)<br />
        C2010.3</p>",,,painting,73,Kagyu
101,Machik Labdron and Chod Refuge Field,"<p>
	Mid-20th century painting of Machik Labdron and the Chod refuge field displaying teachers and deities.&nbsp;</p>",223,/uploads/paintings/,machik-field.jpg,/uploads/paintings/101/machik-field.jpg,machik-field_thumb.jpg,/uploads/paintings/101/machik-field_thumb.jpg,342,2018-03-12 19:44:54,342,2025-07-16 22:18:10,Rubin Museum of Himalayan Art,Rubin Museum of Himalayan Art,https://rubinmuseum.org/collection/c2006-66-11/,"<p>Gift of the Shelley and Donald Rubin Foundation<br />
        Refuge Field with Machik Labdron (1055-1153)<br />
        Tibet, early 20th century<br />
        Pigments on cloth, 17 1/4 × 27 in. (estimated)<br />
        C2006.66.11</p>",,,painting,79,Zhije Chod
102,Padmasambhava - Guru Drakpo,"<p>
	This 20th century painting depicts Padmasambhava in wrathful form as Guru Dragpo, in the treasure tradition of Padmasambhava biographer <a href=""/biographies/view/Nyangrel-Nyima-Ozer/TBRC_P364"">Nyangrel Nyima Ozer</a>.</p>",9,/uploads/paintings/,padmasambhava-guru-drakpo.jpg,/uploads/paintings/102/padmasambhava-guru-drakpo.jpg,padmasambhava-guru-drakpo_thumb.jpg,/uploads/paintings/102/padmasambhava-guru-drakpo_thumb.jpg,342,2018-10-30 16:15:08,342,2025-07-17 14:24:12,Rubin Museum of Himalayan Art,Rubin Museum of Himalayan Art,https://rubinmuseum.org/collection/c2006-66-3/,"<p>Gift of the Shelley and Donald Rubin Foundation<br />
        Guru Drakpo, a Wrathful Form of Padmasambhava<br />
        Tibet, 20th century<br />
        Pigments on cloth, 49 5/8 × 30 3/4 in. (estimated)<br />
        C2006.66.3<br /></p>",,,painting,77,Nyingma
103,Namkhai Nyingpo,"<p>
	Namkhai Nyingpo, one of the twenty-five disciples of <a href=""/biographies/view/Padmasambhava/TBRC_P4956"">Padmasambhava</a>, is depicted with long-life ritual implements. Other details of this nineteenth century painting from Kham suggest a elements from <a href=""/biographies/view/Jamgon-Kongtrul's/TBRC_P264"">Jamgon Kongtrul's</a> story of Namkhai Nyingpo and Dorje Tso.&nbsp;</p>",678,/uploads/paintings/,namkhai-nyingpo.jpg,/uploads/paintings/103/namkhai-nyingpo.jpg,namkhai-nyingpo_thumb.jpg,/uploads/paintings/103/namkhai-nyingpo_thumb.jpg,342,2019-01-09 15:26:57,342,2025-07-17 14:27:08,Rubin Museum of Himalayan Art,Rubin Museum of Himalayan Art,https://rubinmuseum.org/collection/c2006-66-20/,"<p>Gift of Shelley and Donald Rubin<br />
        Namkhai Nyingpo (8th-9th century) Performing a Long-Life Ritual<br />
        Kham Province, Eastern Tibet, 19th century<br />
        Pigments on cloth, 49 1/4 × 35 1/4 × 2 1/4 in.<br />
        C2006.66.20</p>",,,painting,73,Nyingma
104,Avalokiteśvara,"<p>
	Ivory sculpture of Avalokiteśvara is attributed to the Tenth Karmapa, Choying Dorje, and is dated to 1647/1648 or 1658.</p>",31668,/uploads/paintings/,Karmapa-10-Avalokiteshvara.jpg,/uploads/paintings/104/Karmapa-10-Avalokiteshvara.jpg,Karmapa-10-Avalokiteshvara_thumb.jpg,/uploads/paintings/104/Karmapa-10-Avalokiteshvara_thumb.jpg,342,2019-01-24 20:50:22,2,2024-08-06 17:27:10, Cleveland Museum of Art,Cleveland Museum of Art,https://clevelandart.org/art/1968.280,<p>Sundry Purchase Fund <br />1968.280</p>,"Tenth Karmapa, Choying Dorje",2662,sculpture,65,Kagyu
105,Pehar Gyelpo,"<p>
	The protector deity Pehar Gyelpo is depicted with three Geluk masters above.&nbsp;</p>",213,/uploads/paintings/,pehar.jpg,/uploads/paintings/105/pehar.jpg,pehar_thumb.jpg,/uploads/paintings/105/pehar_thumb.jpg,342,2019-02-01 18:43:45,342,2025-07-17 14:31:15,Rubin Museum of Himalayan Art,Rubin Museum of Himalayan Art,,"<p>Gift of Shelley and Donald Rubin<br />
        Pehar<br />
        Tibet; 19th century<br />
        Ground Mineral Pigment on Cotton, 28 3/4 x 22 1/4 in. (73 x 56.5 cm)<br />
        C2006.66.192</p>",,,painting,73,Geluk
106,Jnanatapa,"<p>
        Jnanatapa is the central figure in this fourteenth-century painting from Tibet. The Eight Mahasiddhas are depicted along with lineage figures from Taklung and Riwoche Monasteries.&nbsp;</p>",101352,/uploads/paintings/,DP-15583-020.jpg,/uploads/paintings/106/DP-15583-020.jpg,DP-15583-020_thumb.jpg,/uploads/paintings/106/DP-15583-020_thumb.jpg,342,2019-04-23 17:46:41,2,2024-09-19 13:17:11,The Metropolitan Museum of Art,The Metropolitan Museum of Art,https://www.metmuseum.org/art/collection/search/37801,"<p>Mahasiddha Jnanatapa< /br>
ca. 1350< /br>
Eastern Tibet, Kham, Riwoche monastery< /br>
Distemper on cloth< /br>
H. 27 in. (68.6 cm); W. 21 1/2 in. (54.6 cm)
H. 48 in. (121.9 cm); W. 33 in. (83.8 cm); D. 2 3/8 in. (6 cm)< /br>
Purchase, Friends of Asian Art Gifts, 1987< /br>
1987.144</p>",,,painting,55,Kagyu
107,Bodhisattva with Atisa and Dromton,"<p>
	This eighteenth century painting of a Bodhisattva depicts Atiśa and Kadam founder Dromton on the top (left and right). Tara and Jambala are pictured along the bottom. Dromton is considered an emanation of Padmapani Avalokiteśvara, who is the central figure in this image according to some sources. However, the presence of a sword and book suggests that the central figure is Mañjuśrī.</p>",59247,/uploads/paintings/,1997.305_print.jpg,/uploads/paintings/107/1997.305_print.jpg,1997.305_print_thumb.jpg,/uploads/paintings/107/1997.305_print_thumb.jpg,342,2019-04-23 18:26:17,342,2019-04-24 14:16:18,The Cleveland Museum of Art,Cleveland Museum of Art,https://www.clevelandart.org/art/1997.305,"<p>Bequest of Lillian M. Kern<br />Tibet<br />18th century<br />
ink and slight color on cotton<br />
Overall: 57.6 x 42.4 cm (22 11/16 x 16 11/16 in.)< /br>
        1997.305</p>",,,painting,70,Kadam
108,Atiśa,"<p>
	This painting of Atiśa is from the early to mid twelfth century and features extensive inscriptions on the reverse side.&nbsp;</p>",,/uploads/paintings/,atisa.jpg,/uploads/paintings/108/atisa.jpg,atisa_thumb.jpg,/uploads/paintings/108/atisa_thumb.jpg,342,2019-05-02 14:58:50,342,2019-05-02 15:48:11,The Metropolitan Museum of Art,The Metropolitan Museum of Art,https://www.metmuseum.org/art/collection/search/38006,"<p>Portrait of the Indian Monk Atisha<br />
early to mid-12th century<br />
Tibet<br />
Distemper and gold on cloth<br />
H. 19 1/2 in. (49.5 cm); W. 15/16 in. (35.4 cm)<br />
Gift of Steven Kossak, The Kronos Collections, 1993<br />
1993.479</p>",,,painting,45,Kadam
109,Preaching Śākyamuni,"<p>
	This prayer card dating to around the year 1000 is from Toling in Western Tibet. It depicts&nbsp;Śākyamuni Buddha in a preaching posture.&nbsp;</p>",59217,/uploads/paintings/,2000.67_print.jpg,/uploads/paintings/109/2000.67_print.jpg,2000.67_print_thumb.jpg,/uploads/paintings/109/2000.67_print_thumb.jpg,342,2019-11-15 16:01:02,342,2019-11-15 16:08:18,Cleveland Museum of Art,Cleveland Museum of Art,https://www.clevelandart.org/art/2000.67,"<p>Votive initiation card (tsakali) with preaching Buddha Shakyamuni
1000s<br />
Western Tibet, Tholing Monastery<br />
Gum tempera, ink, and gold on paper<br />
Overall: 11.6 x 10.7 cm (4 9/16 x 4 3/16 in.)<br />
John L. Severance Fund 2000.67</p>",,,painting,41,Kadam
110,Lhalungpas in Delhi,"<p>
	This undated photograph (collection of Samphe Lhalungpa) shows Jigme Rigden Lhalungpa, Lobsang Phuntsok Lhalungpa, Sogyal Rinpoche, Diki Lhalungpa, E. Gene Smith and Harold Talbott.&nbsp;</p>",,/uploads/paintings/,Lhalungpas-Gene-Smith-Delhi.jpg,/uploads/paintings/110/Lhalungpas-Gene-Smith-Delhi.jpg,Lhalungpas-Gene-Smith-Delhi_thumb.jpg,/uploads/paintings/110/Lhalungpas-Gene-Smith-Delhi_thumb.jpg,342,2019-12-09 13:35:44,342,2021-02-16 16:45:13,,"Collection of Lobsang Lhalungpa, Courtesy Samphe Lhalungpa",,,,,photograph,79,
114,Letter from Tibetan Exile Government to Lobsang Phuntsok Lhalungpa,"<p>
	This letter from the Tibetan Government in Exile documents Lobsang Phuntsok Lhalungpa's role in cultural preservation activities of the early exile government.&nbsp;</p>",,/uploads/paintings/,HHDL Letter Lhalungpa.jpg,/uploads/paintings/114/HHDL Letter Lhalungpa.jpg,HHDL Letter Lhalungpa_thumb.jpg,/uploads/paintings/114/HHDL Letter Lhalungpa_thumb.jpg,342,2019-12-10 17:56:47,342,2019-12-17 14:44:15,,"Collection of Lobsang Lhalungpa, Courtesy Samphe Lhalungpa",,,,,document,79,
115,Letter from St. Joseph's College to Lobsang Phuntsok Lhalungpa,"<p>
        A letter certifying Lobsang Phunstok Lhalungpa's employment and exemplary service as a teacher at St. Joseph's College in Darjeeling.</p>",,/uploads/paintings/,St. Josephs Letter to Lhalungpa.jpg,/uploads/paintings/115/St. Josephs Letter to Lhalungpa.jpg,St. Josephs Letter to Lhalungpa_thumb.jpg,/uploads/paintings/115/St. Josephs Letter to Lhalungpa_thumb.jpg,342,2019-12-10 18:35:14,342,2019-12-10 18:42:09,,"Collection of Lobsang Lhalungpa, Courtesy Samphe Lhalungpa",,,,,document,79,
116,Receipt from Lobsang P. Lhalungpa to Sakya Trizin,"<p>
        A receipt dated September 9, 1965 documenting the dispersal of funds to the Sakya Trizin and the Sakya Settlement at Dehra Dun, by Lobsang P. Lhalungpa on behalf of the Tibet Society of United Kingdom.</p>",,/uploads/paintings/,Sakya Settlement Receipt.jpg,/uploads/paintings/116/Sakya Settlement Receipt.jpg,Sakya Settlement Receipt_thumb.jpg,/uploads/paintings/116/Sakya Settlement Receipt_thumb.jpg,342,2019-12-17 14:32:07,342,2019-12-17 14:42:34,,"Collection of Lobsang Lhalungpa, Courtesy Samphe Lhalungpa",,,,,document,75,
117,Receipt from Lobsang P. Lhalungpa to Tibetan Bonpo Foundation,"<p>
        A receipt dated from1965 documenting the dispersal of funds to the Tibet Bonpo Foundation by Lobsang P. Lhalungpa on behalf of the Tibet Society of United Kingdom. The Tibet Bonpo Foundation was registered at the Lhalungpa residence in Delhi.</p>",,/uploads/paintings/,Bonpo Foundation Receipt.jpg,/uploads/paintings/117/Bonpo Foundation Receipt.jpg,Bonpo Foundation Receipt_thumb.jpg,/uploads/paintings/117/Bonpo Foundation Receipt_thumb.jpg,342,2019-12-17 14:41:44,342,2019-12-17 14:42:19,,"Collection of Lobsang Lhalungpa, Courtesy Samphe Lhalungpa",,,,,document,75,
118,Vajrakila,"<p>
	This 18th century painting of Vajrakila depicts Sakya masters on either side of Vajrasattva.</p>",90907,/uploads/paintings/,vajrakila.jpg,/uploads/paintings/118/vajrakila.jpg,vajrakila_thumb.jpg,/uploads/paintings/118/vajrakila_thumb.jpg,342,2020-05-15 16:26:57,342,2020-05-15 16:28:36,,Tibetan Painted Scrolls by Giuseppe Tucci,,,,,painting,69,Nyingma; Sakya
119,Avalokiteśvara,"<p>
        This sixteenth-century thangka&nbsp;of Avalokiteśvara depicts the teaching lineage named for&nbsp;<a href=""https://treasuryoflives.org/biographies/view/Tsembupa/TBRC_P9999"">Tsembupa</a>&nbsp;known as&nbsp;'tshem bu lugs', one of the five great systems of Avalokiteśvara practice in Tibet. This system is well preserved in Geluk and Sakya traditions.</p>",86433,/uploads/paintings/,avalokitshvara-tsebumluk.jpg,/uploads/paintings/119/avalokitshvara-tsebumluk.jpg,avalokitshvara-tsebumluk_thumb.jpg,/uploads/paintings/119/avalokitshvara-tsebumluk_thumb.jpg,342,2020-07-21 16:49:38,2,2020-12-08 14:50:52,The Metropolitan Museum of Art,The Metropolitan Museum of Art,,,,,painting,61,Sakya
120,"Gyelrong Gyelpo, Tseten Zhabdrung, Meu Gyelpo","<p>
	Gyelrong Choktse Gyelpo, Tseten Zhabdrung and Meu Gyalpo photographed at the White Stupa in Beijing.&nbsp;</p>",,/uploads/paintings/,meu-gyalpo-tsetan-zhabdrung.jpg,/uploads/paintings/120/meu-gyalpo-tsetan-zhabdrung.jpg,meu-gyalpo-tsetan-zhabdrung_thumb.jpg,/uploads/paintings/120/meu-gyalpo-tsetan-zhabdrung_thumb.jpg,342,2020-08-24 16:41:37,2,2020-08-25 13:35:43,,,,,,,photograph,79,
121,1966 at Kalsang Phug HQ,"<p>
	Tibetan resistance fighters at Kalsang Phug HQ in 1966.</p>",,/uploads/paintings/,Mustang leaders (medium-res).jpg,/uploads/paintings/121/Mustang leaders (medium-res).jpg,Mustang leaders (medium-res)_thumb.jpg,/uploads/paintings/121/Mustang leaders (medium-res)_thumb.jpg,2,2021-07-01 18:54:13,342,2024-09-05 17:26:33,,Tenzing Sonam,,,,,photograph,77,
122,Officials at Hastings House,"<p>
	Officials at Hastings House in Calcutta, 1910.</p>",,/uploads/paintings/,Hastings_House_Calcutta_1910.jpg,/uploads/paintings/122/Hastings_House_Calcutta_1910.jpg,Hastings_House_Calcutta_1910_thumb.jpg,/uploads/paintings/122/Hastings_House_Calcutta_1910_thumb.jpg,342,2022-09-07 18:44:29,342,2022-09-07 18:52:51,,Charles Bell Collection,,,,,photograph,78,
123,Panchen Lama and Bakula Rinpoche,"<p>
	Panchen Lama and Bakula Rinpoche photograped in Kathmandu, Nepal, 1986.</p>",,/uploads/paintings/,bakula-panchen-ktm-1986.jpg,/uploads/paintings/123/bakula-panchen-ktm-1986.jpg,bakula-panchen-ktm-1986_thumb.jpg,/uploads/paintings/123/bakula-panchen-ktm-1986_thumb.jpg,342,2022-09-07 19:02:08,342,2022-09-07 19:07:12,,Sonam Wangchuk Shakspo,,,,,photograph,80,Geluk
124,Tsarong Dasang Damdul and Tsarong Pema Dolkar,"<p>
	Dasang Damdul Tsarong and his wife Pema Dolkar during Losar, 1937.</p>",,/uploads/paintings/,tsarongs-losar-1937.jpg,/uploads/paintings/124/tsarongs-losar-1937.jpg,tsarongs-losar-1937_thumb.jpg,/uploads/paintings/124/tsarongs-losar-1937_thumb.jpg,342,2022-09-07 19:16:34,342,2022-09-07 19:18:23,,Collection of Frederick Spencer Chapman,,,,,photograph,78,
125,Derge King Dorje Sengge with family,"<p>
	Members of the Royal Family of Derge led by Dorje Sengge</p>",,/uploads/paintings/,Sheltonpage299.jpg,/uploads/paintings/125/Sheltonpage299.jpg,Sheltonpage299_thumb.jpg,/uploads/paintings/125/Sheltonpage299_thumb.jpg,342,2022-09-07 19:43:18,342,2022-09-07 19:48:10,,National Geographic,,,A.L. Shelton,,photograph,78,
126,Sixteenth Karmapa Rangjung Rigpai Dorje,"<p>
	This twentieth century painting of the Sixteenth Karmapa depicts Shakyamuni Buddha in the upper register and Kagyu masters below.&nbsp;</p>",858,/uploads/paintings/,Sixteenth-Karmapa.jpg,/uploads/paintings/126/Sixteenth-Karmapa.jpg,Sixteenth-Karmapa_thumb.jpg,/uploads/paintings/126/Sixteenth-Karmapa_thumb.jpg,342,2023-01-10 15:28:27,342,2025-07-17 14:36:20,Rubin Museum of Himalayan Art,Rubin Museum of Himalayan Art,,"<p>Gift of Shelley and Donald Rubin<br />
        The 16th Karmapa, Rangjung Rigpai Dorjie (1924 – 1981)<br />
        Eastern Tibet, Karma Gardri Painting School<br />
        Early 20th century<br />
        Ground Mineral Pigment on Cotton,17 3/8 x 10 in. (44.1 x 25.4 cm)<br />
        C2006.66.412</p>",,,painting,77,Kagyu
127,Panchen Lama Lobzang Chokyi Gyeltsen,"<p>
	Lobzang Chokyi Gyeltsen, the first person to hold the title of Paṇchen Lama, is pictured in this eighteenth century painting, with Maitreya to the right enveloped in a rainbow. The upper left depicts Cakrasaṃvara and to the right is Paṇchen Lama's teacher Khedrub Sanggye Yeshe. The lower left shows Vaiśravaṇa, with Begtse Chen to the right.</p>",477,/uploads/paintings/,PanchenLama.jpg,/uploads/paintings/127/PanchenLama.jpg,PanchenLama_thumb.jpg,/uploads/paintings/127/PanchenLama_thumb.jpg,342,2023-01-18 15:28:52,342,2025-07-17 14:43:11,Rubin Museum of Himalayan Art,Rubin Museum of Himalayan Art,https://rubinmuseum.org/collection/f1996-21-2/,"<p>Gift of the Shelley and Donald Rubin Foundation<br />
        First Panchen Lama, Lobzang Chokyi Gyaltsen (1570-1662)(After Choying Gyatso’s (active ca.1640s-1660s) set of previous incarnations of the Panchen Lamas)<br />
        Tsang Province, Central Tibet, 18th century<br />
        F1996.21.</p>",,,painting,69,Geluk
128,Tseten Zhabdrung and Sungrab Gyatso,"<p>
	An unidentified person, Tseten Zhabdrung, Sungrab Gyatso (left to right)</p>",,/uploads/paintings/,tsetenzhabdrung-subgrabgyatso.jpg,/uploads/paintings/128/tsetenzhabdrung-subgrabgyatso.jpg,tsetenzhabdrung-subgrabgyatso_thumb.jpg,/uploads/paintings/128/tsetenzhabdrung-subgrabgyatso_thumb.jpg,342,2023-05-25 15:43:21,342,2023-05-25 15:47:43,,,,,,,photograph,80,
130,"Lama Gyurdrak, LP Lhalungpa, Canadian Commissioner and Family","<p>
	<a href=""/biographies/view/Lama-Gyurdrak/13811"">Lama Gyurdrak</a>&nbsp;and&nbsp;<a href=""/biographies/view/LP-Lhalungpa/TBRC_P1KG10060"">LP Lhalungpa</a>&nbsp;photographed with Canadian High Commisioner James George and family,&nbsp;Delhi, late 1960's.&nbsp;</p>",,/uploads/paintings/,georges-lhalungpa-gyurdrak.jpg,/uploads/paintings/130/georges-lhalungpa-gyurdrak.jpg,georges-lhalungpa-gyurdrak_thumb.jpg,/uploads/paintings/130/georges-lhalungpa-gyurdrak_thumb.jpg,342,2024-01-09 22:51:19,342,2024-01-09 22:53:11,,"Collection of Lobsang Lhalungpa, Courtesy Samphe Lhalungpa",,,,,photograph,,
131,Barawa Kagyu Refuge Field,"<p>
	Nineteenth century (likely made after&nbsp;1829)&nbsp;painting from Drumpa Monastery in southern Tibet near the border of Bhutan depicts the&nbsp;Mountain Dharma Trilogy transmission of Yanggonpa. The painting portrays Kagyu masters including lineages of the Barawa subsect of the Drukpa Kagyu. Annotations and analysis courtesy of Dr. Marlene Erschbamer.</p>",98406,/uploads/paintings/,barawa-refuge-field.jpg,/uploads/paintings/131/barawa-refuge-field.jpg,barawa-refuge-field_thumb.jpg,/uploads/paintings/131/barawa-refuge-field_thumb.jpg,342,2024-01-25 23:06:48,2,2024-01-30 15:45:03,,"Visual Dharma: The Buddhist Art of Tibet by Chogyam Trungpa. United Kingdom: Shambhala, 1975, pp 8-9.",,,,,painting,74,Barawa Kagyu
132,Avalokiteśvara Sāhasrabhujalokeśvara,"<p>
        Avalokiteśvara with one thousand hands and eleven faces in the nyungne tradition of <a href=""/biographies/view/Gelongma-Pelmo/TBRC_P4CZ10542"">Gelongma Pelmo</a> with Geluk lineage teachers of <a href=""/geographies/view/Tashilhunpo-Monastery/TBRC_G104"">Tashilhunpo Monastery</a></p>",40,/uploads/paintings/,AvalokitesvaraHAR40.jpeg,/uploads/paintings/132/AvalokitesvaraHAR40.jpeg,AvalokitesvaraHAR40_thumb.jpeg,/uploads/paintings/132/AvalokitesvaraHAR40_thumb.jpeg,2,2024-02-06 21:34:56,342,2025-07-17 14:46:17,Rubin Museum of Himalayan Art,Rubin Museum of Himalayan Art,https://rubinmuseum.org/collection/f1997-1-6/,"<p>Gift of the Shelley and Donald Rubin Foundation<br />
        Eleven-headed, Thousand-Armed Avalokiteshvara<br />
        Central Tibet, early 20th century (before 1935)<br />
        Pigments on cloth, 54 3/4 x 37 3/4 in.<br />
        F1997.1.6</p>",,,painting,77,
133,Tibetan Primer,"<p>
	1962 <em>Tibetan Primer</em> written by <a href=""/biographies/view/Lobsang-Phuntsok-Lhalungpa/TBRC_P1KG10060"">Lobsang Phuntsok Lhalungpa</a> on behalf of the <a href=""/biographies/view/Fourteenth-Dalai-Lama/TBRC_P1649"">Fourteenth Dalai Lama</a> in collaboration with <a href=""/biographies/view/Khendrung-Tubten-Norzang/TBRC_P9174"">Khendrung Tubten Norzang</a>, <a href=""/biographies/view/Dzeme-Rinpoche/TBRC_P2425"">Dzeme Rinpoche</a>, <a href=""/biographies/view/Dudjom-Rinpoche/TBRC_P736"">Dudjom Rinpoche</a>, <a href=""/biographies/view/Thartse-Khen-Rinpoche/TBRC_P8LS13104"">Thartse Khen Rinpoche</a>, <a href=""/biographies/view/Rato-Kyongla-Rinpoche/13831"">Rato Kyongla Rinpoche</a>, and published by <a href=""/biographies/view/ky/TBRC_P1KG15253"">Kundeling Woser Gyeltsen</a>.</p>",,/uploads/paintings/,tibetan-primer.jpg,/uploads/paintings/133/tibetan-primer.jpg,tibetan-primer_thumb.jpg,/uploads/paintings/133/tibetan-primer_thumb.jpg,342,2024-02-09 18:19:29,342,2024-02-15 14:06:05,,"Collection of Lobsang Lhalungpa, Courtesy Samphe Lhalungpa",,,,,document,79,
134,Dudjom Rinpoche with lamas in Kalimpong,"<p>
	Dudjom Rinpoche with lamas in Kalimpong,&nbsp;</p>",,/uploads/paintings/,DudjomRinpocheKalimpong.jpg,/uploads/paintings/134/DudjomRinpocheKalimpong.jpg,DudjomRinpocheKalimpong_thumb.jpg,/uploads/paintings/134/DudjomRinpocheKalimpong_thumb.jpg,2,2024-02-13 20:25:13,2,2024-02-13 20:46:28,,,,,,,photograph,77,
136,Rahula and Retinue,"<p>
	Rahula, wrathful protector of the the treasure tradition, is depicted with various masters in a nineteenth century painting from Kham.&nbsp;</p>",65864,/uploads/paintings/,rahula.jpg,/uploads/paintings/136/rahula.jpg,rahula_thumb.jpg,/uploads/paintings/136/rahula_thumb.jpg,342,2024-04-08 13:32:58,342,2025-07-17 14:49:38,Rubin Museum of Himalayan Art,Rubin Museum of Himalayan Art,https://rubinmuseum.org/collection/c2010-13/,"<p>
        Rahula and His Assembly<br />
        Kham Province, Eastern Tibet, 19th century<br />
        Pigments on cloth, 30 3/8 x 21 1/8 in. (est.)<br />
        C2010.13</p>",,,painting,73,Nyingma
137,The Opening of Rongme Karmo Taktsang,"<p>
	A painting of the opening of Rongme Karmo Taktsang by Chokgyur Lingpa and Jamyang Khyentse Wangpo. The king of Derge is also depicted as attending.</p>",73434,/uploads/paintings/,Rongme painting.jpg,/uploads/paintings/137/Rongme painting.jpg,Rongme painting_thumb.jpg,/uploads/paintings/137/Rongme painting_thumb.jpg,2,2024-09-10 19:56:06,2,2024-09-10 20:06:32,,Private,,,,,painting,73,Nyingma
138,Letter from Ngapo to Lhalungpa Jampa Gyeltsen,"<p>
        A letter from Ngapo Ngawang Jigme commends Lhalung Jampa Gyeltsen (also known as Drumpa) on his Tibetan language school for young children. The school was located on the grounds of the Lukhang.</p>
<p>
        <strong>Transcription:</strong></p>
<p>
        བྲུམ་པ་བྱམས་པ་རྒྱལ་མཚན་ལགས་ཀྱིས་སྒེར་སེམས་སྤངས་ཏེ་བོད་རིགས་སྤྱི་ལ་སྨན་པའི་ཆེད་དུ་སྤྱི་ལོ་༡༩༨༣ ནས་འགོ་བཙུགས་ཏེ་བྱིས་པ་སློབ་འགྲོའི་སྔོན་སྦྱོང་བོད་ཡིག་ཆེད་སློབ་དང་བྱིས་པའི་སྤྱོད་བཟང་སྦྱོང་བརྡར་གྱིས་རྨང་གཞི་བཟང་པོ་ཡོད་པའི་སློབ་ཕྲུག་བརྒྱ་ཕྲག་ཁ་ཤས་སློབ་གྲྭ་ཁག་ལ་བཞུགས་ནས་བོད་ཡིག་གི་རྨང་གཞི་ཡོད་པ་བྱུང་བ་འདི་ནི་དགེ་རྒན་བྱམས་པ་རྒྱལ་མཚན་ལགས་ཀྱིས་བོད་ཡིག་རྒྱུན་འཛིན་དང་དར་སྤེལ་ཡོང་བར་བྱས་རྗེས་ཆེན་པོ་བཞག་ཡོད་པས་ངས་སྙིང་ནས་ཐུགས་རྗེ་ཆེ་ཞེས་ཞུ་རྒྱུ་ཡིན།</p>
<p>
        ང་ཕོད་ངག་དབང་འཇིགས་མེད་ཀྱིས་སྤྱི་ལོ་ ༡༩༩༡ ཟླ་བ་ ༦ ཚེས་༡༢ ལ།</p>
<p>
        <strong>Translation:</strong></p>
<p>
        Drumpa Jampa Gyeltsen, without any self-interest and for the benefit of all Tibetans, founded the Children's Preliminary Tibetan Language and Good Behavior Training [School] in 1983. Since then, hundreds of students have attended the school and developed a good foundation in Tibetan language. This great achievement of teacher Jampa Gyeltsen contributed to the preservation and spread of the Tibetan language. Because of this I would like to thank him from the bottom of my heart.</p>
<p>
        Ngapo Ngawang Jigme</p>
<p>
        June 12, 1991</p>
<p dir=""ltr"" style=""text-align: right;"">
        <em>Translated by Karma Sonam Gelek</em></p>",,/uploads/paintings/,NgapoLhalungpaLetter.jpg,/uploads/paintings/138/NgapoLhalungpaLetter.jpg,NgapoLhalungpaLetter_thumb.jpg,/uploads/paintings/138/NgapoLhalungpaLetter_thumb.jpg,342,2024-11-01 02:37:36,342,2024-11-01 14:44:58,,"Collection of Lobsang Lhalungpa, Courtesy Samphe Lhalungpa",,,,,document,80,
139,Ninth Taklung Tripa Tashi Peltsek,"<p>
	This eighteenth century painting from the collection of the Rubin Museum of Himalayan Art depicts the Ninth head of Taklung Monastery, Tashi Peltsek. Tashi Peltsek lived at a time of great doctinal invention and exchange, taking teachings from masters in all traditions. In this painting he is surrounded by masters and translators including his direct teachers Lotsāwa Drakpa Gyeltsen and Jangchub Tsemo.</p>",65168,/uploads/paintings/,TashiPeltsek.jpg,/uploads/paintings/139/TashiPeltsek.jpg,TashiPeltsek_thumb.jpg,/uploads/paintings/139/TashiPeltsek_thumb.jpg,342,2025-04-30 19:56:35,342,2025-07-17 14:53:49,Rubin Museum of Himalayan Art,Rubin Museum of Himalayan Art,,"<p>
Tashi Peltsek (1359-14-24), Ninth Abbot of Taklung Monastery<br>
Tibet; 18th century<br>
Pigments on cloth, 31 1/8 × 15 3/4 × 5/8 in.<br>
C2002.34.2</p>",,,painting,69,Kagyu
140,Pang Lotsawa with Jangchub Tsemo and Drakpa Gyeltsen,"<p>
	This mural from Jora Monastery in Lhoka, Tibet depicts Pang Lotsawa in the center with his nephews Jangchub Tsemo to the left and Drakpa Gyeltsen to the right. The Jora incarnations are considered emanations of Bodong Panchen, himself a nephew of Drakpa Gyeltsen.</p>",,/uploads/paintings/,Jora-Mural.JPEG,/uploads/paintings/140/Jora-Mural.JPEG,Jora-Mural_thumb.JPEG,/uploads/paintings/140/Jora-Mural_thumb.JPEG,342,2025-07-18 15:34:05,342,2025-07-18 15:37:20,Jorra Monastery,Gedun Rabsal,,,,,painting,,Sakya