person_id,initial_approval_date,update_date
7107,2011-05-17 14:50:00,2011-04-01 00:00:00
3889,2011-05-18 14:13:51,2012-04-01 00:00:00
3977,2011-05-18 14:15:05,2012-04-01 00:00:00
6122,2015-04-28 13:56:31,2015-04-01 00:00:00
495,2010-03-31 13:13:23,2015-07-01 00:00:00
12883,2010-03-31 15:20:48,2015-07-01 00:00:00
13073,2010-04-05 17:57:58,2015-07-01 00:00:00
3211,2011-08-04 21:51:52,2015-06-01 00:00:00
7442,2012-02-03 17:31:35,2024-10-01 00:00:00
6874,2017-09-18 11:43:10,2018-05-01 00:00:00
2104,2010-12-23 14:54:58,2025-05-01 00:00:00
9169,2010-04-08 09:53:25,2012-10-01 00:00:00
9305,2016-10-19 16:23:50,2020-10-01 00:00:00
13085,2010-12-23 14:09:43,
4543,2011-08-04 21:51:54,
13144,2011-09-01 20:28:50,
2742,2012-10-17 21:03:59,
6230,2012-10-17 21:11:19,
1597,2012-10-22 16:59:42,
2693,2012-10-22 16:59:44,
10909,2012-10-26 21:58:55,
11645,2012-11-05 20:16:33,
12234,2012-11-17 01:29:21,
11092,2012-11-27 20:42:01,
7876,2013-12-23 09:55:27,
11441,2010-03-12 14:22:14,
8750,2010-03-31 18:04:26,
4352,2010-03-31 18:09:25,
494,2010-03-31 18:59:13,
11117,2010-04-01 10:34:31,
9688,2010-04-01 11:37:59,
6962,2010-04-01 11:50:46,
9646,2010-04-05 14:30:02,
4903,2010-04-05 16:25:58,
13057,2010-04-05 16:29:02,
4166,2010-04-05 16:48:34,
13067,2010-04-05 16:50:43,
3744,2010-04-05 16:55:47,
7373,2010-04-05 17:55:43,
2980,2010-04-07 10:04:00,
2803,2010-04-07 11:37:51,
2823,2010-04-07 11:56:20,
13076,2010-04-07 11:59:45,
2790,2010-04-07 13:33:20,
8361,2010-04-07 13:36:31,
13077,2010-04-07 13:42:13,
2798,2010-04-07 14:40:05,
4150,2010-04-07 14:51:41,
3101,2010-04-07 14:57:33,
1981,2010-04-07 14:59:34,
96,2010-04-07 15:10:36,
86,2010-04-07 15:12:32,
1722,2010-04-07 15:14:15,
84,2010-04-07 15:41:22,
9030,2010-04-07 15:54:48,
13065,2010-04-07 15:56:27,
3028,2010-04-07 16:02:09,
9,2010-04-07 16:22:54,
1108,2010-04-07 16:34:51,
4349,2010-04-07 16:39:19,
6205,2010-04-07 17:29:53,
13058,2010-04-07 17:42:51,
13075,2010-04-07 17:47:36,
4119,2010-04-07 17:55:56,
490,2010-04-08 09:31:49,
726,2010-04-08 09:37:30,
6159,2010-04-08 09:40:15,
13071,2010-04-08 10:14:05,
13069,2010-04-08 10:16:27,
13070,2010-04-08 10:30:55,
6620,2010-04-08 10:48:55,
8637,2010-04-08 11:41:05,
3937,2010-04-08 12:02:39,
8923,2010-04-08 12:13:45,
4348,2010-04-08 12:46:48,
13078,2010-04-08 12:49:48,
3469,2010-04-08 12:58:23,
7636,2010-04-08 13:04:21,
13072,2010-04-08 13:50:06,
11141,2010-04-08 14:16:53,
13074,2010-04-08 15:14:20,
11307,2010-04-08 15:15:58,
13026,2010-04-08 15:26:28,
4350,2010-04-08 15:41:54,
11462,2010-04-08 15:50:35,
4632,2010-04-08 15:57:37,
3175,2010-04-08 16:11:01,
11471,2010-04-08 20:09:30,
2338,2010-04-19 14:38:22,
13082,2010-04-19 15:37:23,
13083,2010-04-19 15:37:23,
9254,2010-04-29 14:23:15,
6367,2010-04-30 15:34:24,
2340,2010-05-06 16:17:32,
9789,2010-05-12 16:01:36,
5437,2010-05-12 17:42:38,
9788,2010-05-13 09:56:22,
5555,2010-05-13 09:58:09,
1726,2010-05-13 10:01:24,
6723,2010-05-13 10:02:04,
6373,2010-05-13 16:40:24,
6770,2010-05-13 16:41:26,
3181,2010-06-03 10:07:06,
7024,2010-06-11 16:58:31,
5753,2010-06-14 14:38:14,
7370,2010-06-23 15:45:22,
5401,2010-06-25 13:34:47,
5406,2010-07-06 15:21:59,
1035,2010-07-06 16:45:10,
5408,2010-07-06 16:48:52,
6793,2010-07-19 14:45:02,
11618,2010-07-30 10:51:43,
5137,2010-07-30 10:52:02,
8868,2010-08-02 16:49:40,
2812,2010-08-04 16:27:55,
4164,2010-08-04 16:31:30,
3939,2010-08-04 16:56:56,
5858,2010-08-04 17:05:22,
4113,2010-08-04 17:06:08,
3940,2010-08-04 17:10:07,
4114,2010-08-04 17:10:39,
4115,2010-08-04 17:10:59,
3673,2010-08-04 17:11:32,
13095,2010-08-09 17:14:47,
13099,2010-08-09 17:14:52,
13100,2010-08-09 17:14:53,
8116,2010-08-11 12:03:52,
13103,2010-08-11 12:03:55,
13104,2010-08-11 12:03:56,
2712,2010-08-11 13:45:51,
3936,2010-08-11 13:46:14,
8752,2010-08-11 13:46:50,
9750,2010-08-13 11:50:17,
13106,2010-08-13 11:50:18,
13107,2010-08-13 11:50:19,
13108,2010-08-27 15:59:57,
13109,2010-08-27 15:59:58,
13110,2010-08-27 15:59:59,
4285,2010-08-27 16:05:11,
2591,2010-09-03 11:25:10,
2638,2010-09-03 13:42:29,
2598,2010-09-03 15:07:38,
7512,2010-09-09 15:39:25,
4631,2010-09-13 16:27:14,
10258,2010-09-14 14:29:07,
13061,2010-09-15 16:35:45,
1754,2010-09-15 16:38:16,
6756,2010-09-17 13:59:55,
5644,2010-09-17 14:01:05,
6257,2010-09-17 14:01:50,
8857,2010-09-17 14:02:51,
6749,2010-09-17 14:08:27,
2801,2010-09-17 14:09:24,
2799,2010-09-17 14:10:09,
5588,2010-09-17 14:12:55,
2670,2010-09-17 14:18:02,
3125,2010-09-17 14:19:19,
4175,2010-09-17 14:21:51,
11453,2010-09-17 14:23:09,
3881,2010-09-17 14:24:12,
8912,2010-09-17 14:24:52,
7637,2010-09-17 14:27:24,
13111,2010-09-17 14:56:59,
11865,2010-09-21 12:16:12,
11877,2010-09-21 14:30:38,
6671,2010-09-21 14:31:44,
8460,2010-09-21 14:33:17,
6653,2010-09-21 17:14:23,
2593,2010-09-21 17:15:17,
5819,2010-09-21 17:16:27,
5818,2010-09-21 17:18:35,
5817,2010-09-21 17:23:51,
5615,2010-09-21 17:24:54,
11572,2010-09-23 16:46:19,
4402,2010-10-13 17:04:25,
13112,2010-10-13 17:06:33,
4170,2010-10-18 16:44:52,
8342,2010-10-19 17:10:30,
13113,2010-10-20 10:16:16,
4611,2010-10-26 15:00:52,
12521,2010-10-26 17:57:46,
11352,2010-10-29 13:51:19,
7803,2010-11-04 14:14:43,
8128,2010-11-04 16:42:03,
6110,2010-11-04 16:44:54,
5899,2010-11-08 15:54:02,
3225,2010-11-08 15:54:03,
9618,2010-11-11 10:56:12,
2280,2010-11-12 10:29:38,
6672,2010-11-12 10:31:53,
6340,2010-11-12 10:38:07,
3778,2010-11-12 10:38:20,
2328,2010-11-12 10:38:32,
2462,2010-11-12 10:38:46,
3783,2010-11-12 10:39:35,
5281,2010-11-23 10:56:03,
9141,2010-11-23 10:56:28,
4626,2010-11-23 10:57:36,
7429,2010-11-23 11:00:26,
10824,2010-11-23 11:00:47,
2595,2010-11-23 11:01:33,
8076,2010-12-01 12:38:45,
3784,2010-12-01 12:44:03,
8101,2010-12-01 12:45:42,
5626,2010-12-01 12:49:42,
5511,2010-12-01 12:55:22,
10536,2010-12-01 13:10:40,
9095,2010-12-03 11:51:33,
10794,2010-12-03 11:58:07,
2912,2010-12-03 12:19:20,
6286,2010-12-03 13:57:47,
8086,2010-12-03 14:13:53,
7083,2010-12-03 14:16:45,
8097,2010-12-03 14:18:16,
3890,2010-12-03 16:08:41,
6586,2010-12-03 16:34:30,
6587,2010-12-03 16:34:31,
10083,2010-12-08 12:11:59,
2327,2010-12-08 16:54:06,
5706,2010-12-08 16:54:11,
11597,2010-12-13 12:07:28,
6251,2010-12-14 12:00:17,
10528,2010-12-14 12:09:37,
1820,2010-12-14 12:10:32,
1985,2010-12-14 16:24:14,
9297,2010-12-14 16:29:42,
5,2010-12-14 16:37:09,
13102,2010-12-14 16:37:47,
2387,2010-12-14 16:43:04,
6100,2010-12-14 16:46:55,
1728,2010-12-14 17:00:52,
6278,2010-12-16 14:07:17,
4185,2010-12-16 15:55:15,
4272,2010-12-16 15:57:30,
4487,2010-12-16 16:37:08,
4167,2010-12-17 14:17:21,
9579,2010-12-17 14:18:54,
7038,2010-12-17 14:25:38,
2584,2010-12-17 14:26:51,
4425,2010-12-23 10:41:45,
10507,2010-12-23 10:44:35,
1898,2010-12-23 14:03:09,
6735,2010-12-23 14:05:40,
4217,2010-12-23 14:08:39,
5999,2010-12-23 14:10:53,
9590,2010-12-23 14:12:48,
6681,2010-12-23 14:13:34,
4220,2010-12-23 14:14:17,
1963,2010-12-23 14:15:21,
4219,2010-12-23 14:15:57,
3006,2010-12-23 14:17:00,
2592,2010-12-23 14:19:40,
9624,2010-12-23 14:25:01,
13097,2010-12-23 14:25:30,
11909,2010-12-23 14:28:18,
3883,2010-12-23 14:31:43,
4168,2010-12-23 14:32:53,
8675,2010-12-23 14:34:57,
4676,2010-12-23 14:41:29,
6452,2010-12-23 14:45:24,
2774,2010-12-23 14:47:18,
6489,2010-12-23 14:48:03,
5750,2010-12-23 14:51:39,
4043,2010-12-23 14:52:35,
5786,2010-12-23 14:53:27,
11942,2010-12-23 14:54:04,
2491,2010-12-23 15:10:53,
11986,2010-12-23 15:13:12,
10904,2010-12-23 15:17:43,
6547,2010-12-23 15:18:41,
8891,2010-12-23 15:20:42,
3121,2010-12-23 15:22:20,
8472,2010-12-23 15:22:53,
3165,2010-12-23 15:23:39,
3169,2010-12-23 15:25:15,
2789,2010-12-23 15:26:01,
5234,2010-12-23 15:27:00,
13079,2010-12-23 15:27:43,
7673,2010-12-23 15:28:27,
6285,2010-12-23 15:30:07,
4630,2010-12-23 15:32:53,
303,2010-12-23 15:33:28,
6535,2010-12-23 16:12:44,
10531,2010-12-29 09:28:52,
3938,2010-12-29 09:29:30,
9482,2010-12-29 09:30:12,
3782,2010-12-29 09:31:09,
7622,2010-12-29 09:33:59,
3759,2010-12-29 09:34:53,
10815,2010-12-29 09:35:26,
2948,2010-12-29 09:38:31,
6526,2011-01-04 14:51:53,
4497,2011-01-06 14:16:47,
7937,2011-01-06 16:32:59,
13092,2011-01-07 12:08:59,
9523,2011-01-12 12:51:33,
2237,2011-01-12 12:51:36,
2235,2011-01-12 12:51:37,
9612,2011-01-14 13:05:06,
8825,2011-01-14 13:06:03,
8181,2011-01-14 13:06:49,
3141,2011-01-19 12:15:01,
5317,2011-01-19 16:39:06,
11131,2011-02-03 14:30:42,
6738,2011-02-03 16:36:48,
9634,2011-02-03 16:41:22,
10687,2011-02-04 16:46:15,
12828,2011-02-04 16:46:57,
3085,2011-02-04 16:47:44,
6065,2011-02-04 16:48:05,
4469,2011-02-04 16:48:26,
13080,2011-02-14 10:38:15,
13081,2011-02-14 10:38:34,
13089,2011-02-14 10:39:08,
13091,2011-02-14 10:39:37,
13115,2011-02-14 10:42:09,
13093,2011-02-14 10:42:32,
13088,2011-02-14 10:43:13,
12096,2011-02-14 10:43:45,
13090,2011-02-14 10:44:09,
13084,2011-02-14 10:44:28,
7114,2011-02-14 11:02:47,
5485,2011-02-15 14:58:06,
2819,2011-02-15 15:02:54,
6746,2011-02-16 17:15:21,
4291,2011-02-17 11:13:30,
13116,2011-02-17 17:37:43,
13117,2011-02-17 17:37:45,
13118,2011-02-17 17:37:46,
10497,2011-02-18 13:53:00,
3866,2011-02-18 16:17:36,
11898,2011-02-22 12:10:07,
13119,2011-02-22 13:19:53,
13120,2011-02-28 17:01:35,
10442,2011-02-28 17:01:39,
13124,2011-02-28 17:01:43,
13125,2011-02-28 17:01:44,
13127,2011-02-28 17:01:46,
13128,2011-02-28 17:04:27,
2203,2011-03-02 15:06:37,
13087,2011-03-02 15:16:51,
13129,2011-03-02 17:12:52,
3788,2011-03-11 10:22:52,
3789,2011-03-11 10:23:10,
3791,2011-03-11 10:23:36,
3793,2011-03-11 10:24:11,
3794,2011-03-11 10:24:27,
13131,2011-03-11 16:59:49,
2232,2011-03-15 14:46:54,
6978,2011-03-16 14:10:09,
4282,2011-03-16 14:10:28,
7182,2011-03-16 14:15:33,
8103,2011-03-16 14:15:57,
4493,2011-03-16 14:16:24,
2781,2011-03-18 13:38:13,
10573,2011-03-18 13:48:54,
3008,2011-03-22 16:11:22,
5796,2011-03-23 15:58:55,
3786,2011-03-23 15:59:32,
2780,2011-04-07 14:00:47,
13132,2011-04-11 11:30:58,
1871,2011-04-11 14:42:07,
7152,2011-04-13 15:53:55,
10654,2011-04-13 15:53:56,
10656,2011-04-13 15:53:57,
10649,2011-04-13 15:53:58,
10659,2011-04-13 15:53:59,
10658,2011-04-13 15:54:00,
10572,2011-04-13 15:54:01,
7918,2011-04-14 15:17:18,
8355,2011-04-14 15:17:20,
13133,2011-04-14 15:17:23,
8028,2011-04-14 16:42:42,
7895,2011-04-14 16:42:44,
8343,2011-04-14 16:46:06,
9126,2011-04-15 11:55:02,
2949,2011-04-19 11:10:54,
7644,2011-04-19 13:42:15,
2788,2011-04-22 11:18:40,
4665,2011-04-22 11:18:41,
7736,2011-04-25 16:41:23,
13134,2011-04-25 16:41:25,
4028,2011-04-25 16:41:26,
10301,2011-04-26 14:11:51,
4372,2011-04-27 16:56:04,
3074,2011-04-28 12:06:47,
5426,2011-04-28 12:06:48,
2436,2011-04-28 18:17:22,
6505,2011-04-29 10:22:14,
5457,2011-05-02 11:31:08,
3000,2011-05-02 13:21:05,
9839,2011-05-04 10:34:28,
6548,2011-05-04 12:16:55,
2180,2011-05-04 12:34:40,
13135,2011-05-05 12:14:34,
7164,2011-05-06 12:19:16,
7676,2011-05-06 15:43:05,
10571,2011-05-10 16:40:52,
9753,2011-05-18 17:16:28,
5436,2011-05-19 11:46:03,
7815,2011-05-23 12:27:44,
8782,2011-05-23 12:27:45,
7601,2011-05-23 17:10:35,
10372,2011-05-23 17:10:36,
10482,2011-05-23 17:10:38,
10311,2011-05-23 17:10:39,
6529,2011-05-26 15:03:27,
2916,2011-06-03 12:19:52,
2919,2011-06-03 12:22:12,
13105,2011-06-07 17:16:43,
9990,2011-06-08 16:17:24,
13139,2011-06-09 09:51:57,
4309,2011-06-09 14:34:52,
10591,2011-06-14 13:41:35,
2926,2011-06-14 13:41:36,
5410,2011-06-14 13:41:37,
4524,2011-06-14 13:41:39,
6634,2011-06-14 13:41:40,
5490,2011-06-14 13:41:42,
2521,2011-06-14 13:41:43,
3274,2011-06-14 14:00:21,
3414,2011-06-14 14:18:07,
8027,2011-06-16 11:55:14,
4669,2011-06-16 11:58:28,
3785,2011-06-16 12:04:31,
11114,2011-06-16 12:10:21,
4494,2011-06-16 12:12:04,
13140,2011-06-17 10:54:59,
9923,2011-06-21 12:17:00,
4085,2011-06-21 12:29:31,
13063,2011-06-21 12:31:19,
13064,2011-06-21 12:34:41,
4379,2011-06-21 14:44:31,
7719,2011-06-22 11:17:05,
10171,2011-06-22 11:17:06,
8539,2011-06-22 11:17:07,
5461,2011-06-22 13:34:35,
2051,2011-06-22 15:51:40,
6690,2011-06-22 16:01:34,
8177,2011-06-23 11:00:28,
11565,2011-06-23 15:59:35,
13086,2011-06-23 16:01:06,
2891,2011-06-23 16:13:01,
9121,2011-06-23 16:20:52,
3040,2011-06-23 16:22:12,
2915,2011-06-23 16:22:40,
4660,2011-06-23 16:31:36,
13068,2011-06-23 16:33:37,
8571,2011-06-23 16:35:26,
10683,2011-06-23 16:52:53,
5977,2011-06-23 17:02:54,
2866,2011-06-23 17:07:45,
2733,2011-06-29 17:01:07,
4000,2011-06-30 12:32:41,
7053,2011-06-30 15:48:40,
6493,2011-07-05 10:46:30,
7879,2011-07-05 10:53:47,
6953,2011-07-05 10:58:16,
7093,2011-07-05 11:01:19,
13122,2011-07-05 11:42:09,
8107,2011-07-05 11:54:46,
3792,2011-07-05 14:21:14,
3795,2011-07-05 14:21:14,
13094,2011-07-05 14:21:14,
13101,2011-07-05 14:21:14,
13096,2011-07-05 14:21:14,
29,2011-07-05 14:21:14,
2329,2011-07-05 14:21:14,
4535,2011-07-05 14:21:14,
7240,2011-07-05 14:21:14,
6219,2011-07-05 14:21:14,
6910,2011-07-05 14:21:14,
6997,2011-07-05 14:21:14,
1637,2011-07-05 14:21:14,
5480,2011-07-05 14:21:14,
8099,2011-07-05 14:21:14,
7230,2011-07-05 14:21:14,
3743,2011-07-05 14:21:14,
5953,2011-07-05 14:21:14,
12817,2011-07-05 14:21:14,
2871,2011-07-05 14:21:14,
1586,2011-07-05 14:21:14,
6872,2011-07-05 14:21:14,
5432,2011-07-05 14:21:14,
5777,2011-07-05 14:21:14,
8106,2011-07-05 14:21:14,
9795,2011-07-05 14:21:14,
4092,2011-07-05 14:21:14,
4265,2011-07-05 14:21:14,
8105,2011-07-05 14:21:14,
2523,2011-07-05 14:21:14,
4276,2011-07-05 14:21:14,
2814,2011-07-05 14:21:14,
2952,2011-07-05 14:21:14,
5902,2011-07-05 14:21:14,
6466,2011-07-05 14:21:14,
2442,2011-07-05 14:21:14,
5729,2011-07-05 14:21:14,
8108,2011-07-05 14:21:14,
6648,2011-07-05 14:21:14,
8109,2011-07-05 14:21:14,
2872,2011-07-05 14:21:14,
3173,2011-07-05 14:21:14,
4490,2011-07-05 14:21:14,
6536,2011-07-05 14:21:14,
4492,2011-07-05 14:21:14,
4495,2011-07-05 14:21:14,
4496,2011-07-05 14:21:14,
4498,2011-07-05 14:21:14,
5652,2011-07-05 14:21:14,
4499,2011-07-05 14:21:14,
4500,2011-07-05 14:21:14,
5360,2011-07-05 14:21:14,
2238,2011-07-05 14:21:14,
4501,2011-07-05 14:21:14,
5901,2011-07-05 14:21:14,
5415,2011-07-05 14:21:14,
5381,2011-07-05 14:21:14,
5932,2011-07-05 14:21:14,
5371,2011-07-05 14:21:14,
6498,2011-07-05 14:21:14,
9059,2011-07-05 14:21:14,
9058,2011-07-05 14:21:14,
9057,2011-07-05 14:21:14,
9055,2011-07-05 14:21:14,
4206,2011-07-05 14:21:14,
4277,2011-07-05 14:21:14,
4278,2011-07-05 14:21:14,
4279,2011-07-05 14:21:14,
4280,2011-07-05 14:21:14,
13121,2011-07-05 14:21:14,
13123,2011-07-05 14:21:14,
13126,2011-07-05 14:21:14,
2456,2011-07-05 14:21:14,
9056,2011-07-05 14:21:14,
7870,2011-07-05 14:21:14,
9049,2011-07-05 14:21:14,
9050,2011-07-05 14:21:14,
9051,2011-07-05 14:21:14,
9053,2011-07-05 14:21:14,
7743,2011-07-05 14:21:14,
2787,2011-07-05 14:21:14,
4727,2011-07-05 14:21:14,
3086,2011-07-05 14:21:14,
2996,2011-07-05 14:21:14,
13098,2011-07-05 14:44:23,
3171,2011-07-05 14:47:18,
4002,2011-07-05 14:50:53,
4489,2011-07-05 14:53:17,
2816,2011-07-05 14:55:19,
2589,2011-07-05 14:56:36,
3877,2011-07-05 15:00:03,
6726,2011-07-05 15:02:34,
6175,2011-07-05 15:05:06,
4642,2011-07-05 15:06:07,
7064,2011-07-05 15:22:57,
2683,2011-07-05 15:38:27,
9201,2011-07-05 15:39:43,
13066,2011-07-05 16:30:00,
3182,2011-07-05 16:34:58,
5717,2011-07-05 17:57:47,
4267,2011-07-06 10:10:45,
6214,2011-07-06 16:26:58,
2776,2011-07-06 16:33:16,
2899,2011-07-06 16:40:43,
6646,2011-07-07 16:15:15,
8574,2011-07-08 14:56:51,
5500,2011-07-11 11:34:42,
4488,2011-07-12 13:28:57,
10892,2011-07-13 11:13:07,
4261,2011-07-14 14:57:05,
6979,2011-07-19 16:41:16,
6818,2011-07-19 17:50:35,
10881,2011-07-19 17:52:10,
2137,2011-07-19 18:04:44,
4730,2011-07-19 18:13:41,
1029,2011-07-19 18:17:26,
2806,2011-07-19 18:21:36,
3671,2011-07-19 18:26:10,
4368,2011-07-20 19:05:19,
2539,2011-07-20 19:13:43,
3178,2011-07-20 19:17:30,
3168,2011-07-20 20:43:33,
6405,2011-07-21 19:02:58,
2510,2011-07-22 19:51:32,
10199,2011-07-26 18:12:48,
3139,2011-07-27 16:04:59,
2810,2011-07-27 16:25:58,
4354,2011-07-27 19:55:28,
9372,2011-07-27 21:38:01,
8580,2011-07-27 22:24:45,
10315,2011-07-27 22:41:49,
8562,2011-07-28 15:38:51,
8609,2011-07-28 15:38:53,
8610,2011-07-28 15:38:54,
8563,2011-07-29 16:44:04,
8575,2011-07-29 16:44:05,
1908,2011-07-29 19:00:44,
13141,2011-07-29 22:48:50,
3200,2011-08-02 17:58:03,
8549,2011-08-02 22:15:32,
8612,2011-08-03 18:40:56,
12547,2011-08-04 21:51:55,
3153,2011-08-05 16:52:54,
9190,2011-08-25 22:18:39,
8986,2011-09-01 18:21:49,
13142,2011-09-01 19:11:33,
13143,2011-09-01 19:11:34,
13145,2011-09-01 20:28:52,
13146,2011-09-01 20:28:53,
4478,2011-09-01 20:42:59,
8538,2011-09-07 20:03:38,
3020,2011-09-15 23:53:36,
10832,2011-09-16 23:25:34,
9383,2011-09-20 21:46:16,
10068,2011-09-23 22:52:21,
8578,2011-09-27 22:06:50,
10828,2011-10-01 01:54:29,
4077,2011-10-19 02:50:16,
2931,2011-10-19 02:50:18,
4196,2011-10-19 02:50:19,
2409,2011-10-19 02:50:20,
2495,2011-10-19 02:50:22,
7874,2011-10-22 00:11:24,
8397,2011-10-22 03:37:48,
13147,2011-10-25 15:16:18,
4259,2011-10-28 19:07:36,
4141,2011-10-31 20:04:38,
4314,2011-11-02 20:12:41,
2661,2011-11-04 15:29:00,
4140,2011-11-10 20:25:17,
2740,2011-11-11 16:44:23,
7130,2011-11-30 23:39:21,
11258,2011-12-02 19:56:49,
8964,2011-12-13 18:00:05,
6856,2011-12-15 19:31:17,
2118,2011-12-15 21:49:50,
10673,2011-12-15 21:49:51,
10678,2011-12-15 21:49:52,
8618,2011-12-15 21:49:54,
10676,2011-12-15 21:49:55,
8631,2011-12-21 17:56:59,
8551,2011-12-21 17:57:01,
8630,2011-12-21 17:57:02,
8566,2011-12-21 17:57:03,
8629,2011-12-21 17:57:05,
8543,2011-12-21 18:17:33,
8596,2011-12-22 20:44:40,
8617,2011-12-22 20:44:42,
8603,2011-12-22 20:44:43,
8584,2011-12-22 20:44:44,
8616,2011-12-22 20:44:46,
13148,2011-12-23 18:52:47,
13149,2011-12-23 18:52:49,
11432,2011-12-23 18:52:50,
13150,2011-12-23 18:52:51,
10827,2011-12-27 22:27:26,
4986,2011-12-27 22:27:28,
4987,2011-12-27 22:27:29,
13151,2011-12-27 22:27:30,
13152,2011-12-27 22:27:32,
4659,2011-12-28 21:32:20,
9601,2011-12-28 21:32:22,
9062,2012-01-12 22:15:29,
10413,2012-01-13 17:10:54,
5871,2012-03-12 17:43:00,
13157,2012-03-20 19:06:08,
8567,2012-03-20 19:06:17,
8625,2012-03-20 19:06:25,
9985,2012-03-26 17:25:12,
2784,2012-04-19 17:37:04,
9712,2012-04-19 17:37:06,
8633,2012-05-01 23:42:13,
8585,2012-05-01 23:42:15,
8600,2012-05-01 23:42:17,
8583,2012-05-01 23:42:19,
8624,2012-05-01 23:42:21,
9546,2012-05-07 19:32:49,
13163,2012-05-07 19:32:50,
10422,2012-05-07 19:32:52,
13162,2012-05-07 19:32:53,
13164,2012-06-04 18:50:56,
13165,2012-06-04 18:50:59,
6670,2012-06-26 20:49:17,
6667,2012-06-26 20:49:19,
3062,2012-06-26 20:49:21,
3061,2012-06-26 20:49:22,
8860,2012-06-26 20:49:23,
2527,2012-06-26 20:49:25,
8861,2012-06-26 20:49:26,
5791,2012-07-19 19:28:53,
10412,2012-07-19 19:28:55,
9213,2012-07-19 19:28:56,
2506,2012-07-19 19:28:58,
2758,2012-07-19 19:28:59,
2943,2012-07-19 19:29:01,
9525,2012-07-26 16:44:10,
3758,2012-07-26 16:44:12,
1930,2012-07-26 16:44:14,
10452,2012-07-26 16:44:15,
10462,2012-07-26 16:44:16,
10470,2012-07-26 16:44:17,
10580,2012-07-31 15:49:09,
5164,2012-07-31 15:49:11,
9884,2012-07-31 15:49:12,
5166,2012-07-31 15:49:14,
8536,2012-07-31 15:49:15,
11487,2012-07-31 15:49:16,
11488,2012-07-31 15:49:18,
11491,2012-07-31 15:49:19,
11426,2012-07-31 15:49:20,
11489,2012-07-31 15:49:47,
11866,2012-08-16 18:22:36,
9355,2012-08-16 18:22:38,
3712,2012-09-05 15:29:53,
3708,2012-09-05 15:29:55,
1575,2012-09-05 15:29:57,
2755,2012-09-05 15:29:58,
3134,2012-09-05 15:30:03,
3730,2012-09-05 15:30:05,
3733,2012-09-05 15:30:09,
6419,2012-09-05 15:30:10,
3734,2012-09-05 15:30:12,
3735,2012-09-05 15:30:13,
3738,2012-09-05 15:30:15,
3739,2012-09-05 15:30:19,
9873,2012-09-05 15:30:20,
13166,2012-09-05 15:30:22,
13167,2012-09-05 15:30:23,
9593,2012-09-18 15:56:06,
13169,2012-09-18 15:56:08,
13170,2012-09-18 15:56:09,
11490,2012-09-18 15:56:11,
9622,2012-09-18 15:56:12,
2845,2012-09-18 15:56:14,
11883,2012-09-18 15:56:15,
13171,2012-09-18 17:27:16,
13173,2012-09-18 19:18:15,
11444,2012-10-16 15:51:41,
10373,2012-10-16 21:55:37,
5041,2012-10-17 18:11:40,
5044,2012-10-17 18:11:46,
11445,2012-10-17 18:11:49,
13174,2012-10-17 18:11:52,
4125,2012-10-17 18:11:57,
4221,2012-10-17 18:12:00,
4222,2012-10-17 18:12:02,
4223,2012-10-17 18:12:04,
4228,2012-10-22 20:12:49,
5897,2012-10-26 21:46:02,
5479,2012-10-26 21:46:04,
5889,2012-10-26 21:46:05,
8069,2012-10-26 21:46:07,
7105,2012-10-26 21:46:08,
6731,2012-10-26 21:46:10,
6622,2012-10-26 21:46:11,
6760,2012-10-26 21:46:13,
4607,2012-10-26 21:46:14,
8184,2012-10-26 21:46:16,
4720,2012-10-26 21:46:17,
3769,2012-10-26 21:46:19,
6025,2012-10-26 21:46:20,
5910,2012-10-26 21:46:22,
3080,2012-10-26 21:46:23,
2974,2012-10-26 21:46:24,
11435,2013-01-07 21:01:00,
9588,2013-01-07 21:01:02,
10093,2013-01-14 18:22:07,
5801,2013-01-14 18:22:10,
2662,2013-01-15 17:34:54,
3753,2013-01-15 17:34:56,
3064,2013-01-15 21:10:12,
13175,2013-01-15 21:10:14,
6099,2013-01-15 21:10:15,
3296,2013-01-15 21:10:16,
13176,2013-01-15 21:10:18,
13177,2013-01-15 21:10:19,
6045,2013-01-16 17:18:00,
7170,2013-01-16 17:18:03,
7171,2013-01-16 17:18:04,
7172,2013-01-16 17:18:05,
11443,2013-02-20 17:31:25,
7559,2013-02-20 17:31:26,
12906,2013-02-20 17:31:28,
13178,2013-02-20 17:31:30,
5048,2013-02-25 18:44:59,
5078,2013-02-25 18:45:02,
5024,2013-02-25 18:45:03,
9589,2013-02-25 18:45:06,
9203,2013-02-25 18:45:08,
2399,2013-02-26 22:12:24,
2392,2013-02-26 22:12:26,
1852,2013-02-26 22:12:27,
13179,2013-02-26 22:12:29,
2393,2013-02-26 22:12:30,
13180,2013-02-27 15:44:05,
3307,2013-02-27 16:12:07,
10169,2013-03-15 18:12:33,
2441,2013-03-15 18:12:36,
6037,2013-03-15 18:12:38,
7945,2013-03-15 18:12:39,
10957,2013-03-25 20:31:33,
1564,2013-03-25 20:31:34,
6729,2013-03-25 20:31:36,
6635,2013-03-25 20:31:37,
6185,2013-03-25 20:31:39,
9929,2013-03-29 16:32:48,
11427,2013-03-29 16:32:49,
11632,2013-03-29 16:32:51,
11731,2013-03-29 16:32:52,
13181,2013-03-29 16:32:53,
11569,2013-04-22 19:17:30,
11575,2013-04-22 19:17:32,
13168,2013-04-22 19:17:33,
3049,2013-04-22 19:17:34,
1903,2013-04-22 19:17:35,
2029,2013-05-03 18:41:30,
1831,2013-05-03 18:41:33,
6010,2013-05-03 19:38:28,
5790,2013-05-03 20:11:40,
13186,2013-05-03 20:31:21,
6491,2013-05-03 21:07:41,
6895,2013-05-03 21:07:42,
7767,2013-05-14 20:58:42,
13187,2013-05-14 21:11:00,
13188,2013-05-15 17:36:54,
3010,2013-05-15 18:43:30,
8975,2013-05-15 19:22:52,
9052,2013-05-15 19:51:26,
1901,2013-06-03 20:05:39,
1902,2013-06-03 20:05:41,
9703,2013-06-03 20:05:43,
13195,2013-06-03 20:05:44,
13182,2013-06-03 20:05:45,
6788,2013-06-06 15:18:35,
3107,2013-06-18 13:42:08,
11603,2013-06-19 08:51:51,
5099,2013-06-19 08:51:53,
5115,2013-06-19 08:51:55,
5117,2013-06-19 08:51:56,
13196,2013-07-01 09:10:37,
9513,2013-07-03 11:07:01,
13191,2013-07-03 11:07:06,
13190,2013-07-03 11:07:08,
13189,2013-07-03 11:07:09,
9935,2013-07-03 11:07:11,
9158,2013-10-02 07:52:32,
13197,2013-10-03 13:02:41,
10457,2013-10-03 13:02:43,
5338,2013-12-09 09:09:13,
3957,2013-12-16 09:48:47,
6393,2013-12-16 09:48:50,
4359,2013-12-18 12:47:43,
2181,2013-12-18 12:47:44,
6161,2013-12-18 12:47:46,
6502,2013-12-20 13:39:52,
6928,2013-12-20 13:39:56,
6198,2013-12-23 09:55:22,
6929,2013-12-23 09:55:26,
7876,2013-12-23 09:55:30,
7877,2013-12-23 11:58:54,
10202,2014-01-02 13:34:15,
7169,2014-01-02 13:34:17,
11417,2014-01-02 13:34:18,
8459,2014-01-02 13:34:20,
2730,2014-01-02 13:34:21,
5328,2014-01-02 13:34:25,
1628,2014-01-07 07:30:49,
10857,2014-01-07 07:30:54,
2330,2014-01-07 11:50:02,
6935,2014-01-07 11:50:04,
6940,2014-01-07 11:50:06,
5121,2014-01-15 13:30:20,
5120,2014-01-15 13:30:22,
5122,2014-01-15 13:30:24,
2504,2014-01-15 13:30:26,
13198,2014-01-16 09:27:36,
10623,2014-01-22 09:14:26,
4224,2014-01-22 09:15:01,
4225,2014-01-22 09:15:05,
10644,2014-01-22 09:15:07,
4227,2014-01-22 09:15:11,
2997,2014-01-24 11:20:57,
2483,2014-01-24 12:59:24,
13199,2014-01-24 12:59:26,
2578,2014-01-24 12:59:28,
2577,2014-01-24 13:41:16,
7232,2014-02-27 15:46:08,
7294,2014-03-03 13:42:20,
13183,2014-03-03 13:42:23,
8079,2014-03-03 13:42:25,
2896,2014-03-03 13:42:26,
6668,2014-03-28 10:01:06,
13205,2014-04-09 07:25:54,
13206,2014-04-09 07:26:00,
6580,2014-04-11 11:55:13,
9693,2014-04-11 11:55:15,
4380,2014-04-11 11:55:18,
4163,2014-04-11 11:55:20,
10394,2014-04-14 08:53:27,
11299,2014-05-08 12:55:46,
3906,2014-05-09 12:04:39,
7523,2014-05-09 12:04:43,
3907,2014-05-09 12:04:46,
7040,2014-05-09 12:49:56,
5349,2014-05-20 09:53:54,
5849,2014-05-20 10:48:58,
3762,2014-05-20 14:08:02,
7775,2014-05-20 14:08:05,
13217,2014-05-22 08:51:51,
13220,2014-06-09 13:21:11,
13221,2014-06-09 13:22:09,
13222,2014-06-10 07:56:15,
12785,2014-06-16 08:48:03,
10548,2014-07-16 20:46:59,
3902,2014-09-08 11:25:48,
3903,2014-09-08 11:25:51,
3904,2014-09-08 11:25:52,
13202,2014-09-08 16:56:37,
7069,2014-09-08 16:56:38,
2469,2014-09-09 14:00:32,
13201,2014-09-09 14:00:33,
13203,2014-09-09 14:00:34,
13225,2014-09-16 13:26:05,
11003,2014-09-22 16:27:43,
10146,2014-09-22 16:27:45,
13204,2014-09-22 16:27:46,
13226,2014-10-07 14:31:59,
8650,2014-10-29 12:57:23,
8651,2014-10-29 12:57:32,
5927,2014-10-30 11:32:48,
12264,2014-10-30 11:32:49,
12340,2014-10-30 11:32:51,
5928,2014-10-30 11:32:52,
5926,2014-10-30 11:32:53,
10898,2014-10-30 11:32:54,
5924,2014-10-30 11:32:55,
13227,2014-10-31 11:56:00,
5151,2014-10-31 11:56:01,
5159,2014-10-31 15:46:56,
13228,2014-10-31 15:46:57,
13229,2014-10-31 15:46:59,
5997,2014-11-24 16:28:33,
13232,2014-11-24 16:28:35,
13231,2014-11-24 16:28:37,
13230,2014-11-24 16:28:38,
13238,2014-12-02 15:32:03,
13239,2014-12-02 15:32:04,
13240,2014-12-02 15:32:05,
13241,2014-12-02 15:32:06,
13242,2014-12-02 15:32:08,
13237,2014-12-02 15:32:09,
13236,2014-12-02 15:32:10,
13235,2014-12-02 15:32:11,
13234,2014-12-02 15:32:12,
13233,2014-12-02 15:32:13,
2665,2014-12-04 15:16:42,
10878,2014-12-04 15:16:44,
9690,2014-12-15 13:46:22,
6147,2014-12-19 11:30:33,
620,2014-12-19 11:30:34,
61,2014-12-19 11:30:37,
6134,2014-12-19 13:17:11,
6578,2014-12-19 13:17:13,
2606,2014-12-19 13:17:14,
2561,2014-12-19 13:17:16,
9394,2015-01-15 11:24:31,
1869,2015-02-12 11:53:02,
6412,2015-02-26 11:40:21,
7718,2015-02-26 14:10:08,
5795,2015-03-03 14:38:25,
12405,2015-04-08 17:03:35,
6721,2015-04-08 17:03:35,
6138,2015-04-10 15:36:42,
7551,2015-04-21 12:02:01,
13404,2015-04-24 14:33:29,
8085,2015-04-24 14:33:30,
13423,2015-04-24 14:46:49,
13425,2015-05-04 15:41:48,
13426,2015-05-05 14:44:42,
9287,2015-05-05 14:44:43,
13428,2015-05-05 15:22:17,
13427,2015-05-05 15:22:18,
3191,2015-05-19 13:36:14,
4327,2015-05-19 13:36:15,
3208,2015-05-19 13:36:16,
3189,2015-05-19 13:36:17,
1974,2015-05-19 13:36:17,
3204,2015-05-19 13:36:18,
2314,2015-05-19 13:36:19,
3194,2015-05-19 13:36:19,
7545,2015-05-26 17:10:50,
13429,2015-05-28 13:57:45,
13430,2015-05-28 14:43:03,
13431,2015-05-28 15:28:03,
13432,2015-05-28 15:59:05,
13433,2015-05-28 16:25:43,
13434,2015-05-28 17:03:53,
13435,2015-05-29 13:24:14,
13437,2015-06-02 15:58:23,
13436,2015-06-02 15:58:24,
13438,2015-06-02 16:25:54,
13439,2015-06-02 17:21:29,
13440,2015-06-04 11:19:24,
13441,2015-06-04 11:58:21,
13442,2015-06-04 12:48:25,
13443,2015-06-04 15:20:59,
13444,2015-06-05 11:49:26,
13445,2015-06-05 12:08:06,
13446,2015-06-05 15:32:08,
13447,2015-06-05 17:03:34,
13448,2015-06-05 17:03:35,
13449,2015-06-12 15:46:31,
13450,2015-06-12 16:16:39,
13451,2015-06-12 16:35:31,
4302,2015-06-16 12:55:39,
3188,2015-06-16 15:19:17,
13454,2015-06-16 17:57:55,
13455,2015-06-16 17:57:55,
13453,2015-06-16 17:57:56,
13452,2015-06-16 17:57:57,
7272,2015-08-24 16:05:33,
4358,2015-09-10 11:35:46,
3989,2015-10-27 13:54:47,
10633,2015-11-03 16:45:48,
4249,2015-11-03 16:45:49,
10753,2015-11-03 16:45:49,
10613,2015-11-03 16:45:50,
10742,2015-11-03 16:45:50,
7348,2015-11-03 16:45:51,
6336,2016-01-08 10:50:34,
6337,2016-01-08 10:50:35,
6338,2016-01-08 10:50:35,
6339,2016-01-08 10:50:36,
6335,2016-01-08 10:50:37,
4080,2016-01-15 16:28:24,
9442,2016-01-15 16:28:25,
2640,2016-01-15 16:28:26,
2639,2016-01-15 16:28:26,
5326,2016-01-15 16:28:27,
6345,2016-01-22 16:14:57,
6343,2016-01-22 16:14:58,
6342,2016-01-22 16:14:59,
6344,2016-01-22 16:14:59,
6341,2016-01-22 16:15:00,
9333,2016-01-29 14:03:43,
11798,2016-01-29 14:03:44,
3072,2016-01-29 14:03:45,
13507,2016-01-29 14:03:45,
6346,2016-01-29 14:03:46,
6348,2016-02-04 17:24:50,
6349,2016-02-04 17:24:50,
2423,2016-02-05 11:21:17,
13509,2016-02-05 11:21:18,
13510,2016-02-06 14:48:35,
13511,2016-02-10 16:34:12,
13512,2016-02-10 16:34:13,
13515,2016-02-11 10:36:55,
13513,2016-02-11 10:36:57,
13514,2016-02-11 10:36:57,
2336,2016-02-16 12:03:54,
13502,2016-02-16 12:03:55,
13516,2016-02-16 12:04:05,
13517,2016-02-16 12:04:06,
13518,2016-02-16 12:04:06,
7581,2016-02-16 12:04:07,
13523,2016-02-24 14:39:52,
13521,2016-02-24 14:39:53,
13522,2016-02-24 14:39:53,
13520,2016-02-24 14:39:54,
13519,2016-02-24 14:39:55,
2720,2016-03-02 16:15:51,
13527,2016-03-02 16:15:51,
7582,2016-03-02 16:15:52,
6499,2016-03-02 16:15:53,
13528,2016-03-02 16:15:53,
6331,2016-03-11 15:24:36,
13533,2016-03-11 15:24:36,
13532,2016-03-11 15:24:37,
11972,2016-03-11 15:24:38,
13531,2016-03-11 15:24:39,
7681,2016-03-11 15:24:40,
13537,2016-03-18 15:45:05,
13538,2016-03-18 15:45:05,
13539,2016-03-18 15:45:06,
13534,2016-03-18 15:45:07,
13535,2016-03-18 15:45:07,
13536,2016-03-23 15:18:13,
10415,2016-03-23 15:18:14,
6334,2016-03-23 15:18:15,
10414,2016-03-23 15:18:15,
6350,2016-03-23 15:18:16,
7613,2016-03-24 12:18:41,
12100,2016-03-31 15:12:24,
13540,2016-03-31 15:12:25,
13542,2016-03-31 16:53:09,
13541,2016-03-31 16:53:10,
13543,2016-03-31 16:53:10,
4301,2016-04-07 14:28:29,
6568,2016-04-07 14:28:30,
6567,2016-04-07 14:28:31,
6892,2016-04-07 14:28:31,
13544,2016-04-07 14:28:32,
13547,2016-04-15 14:49:33,
6333,2016-04-15 14:49:34,
13546,2016-04-15 14:49:35,
6332,2016-04-15 14:49:35,
13545,2016-04-15 14:49:36,
6353,2016-04-22 16:06:01,
8474,2016-04-22 16:06:01,
13548,2016-04-22 16:06:02,
13549,2016-04-22 16:06:02,
9171,2016-04-22 16:06:03,
8892,2016-05-04 16:40:32,
11277,2016-05-04 16:40:33,
11279,2016-05-04 16:40:34,
11245,2016-05-04 16:40:35,
11246,2016-05-04 16:40:36,
8126,2016-05-13 16:09:59,
5331,2016-05-13 16:10:00,
3109,2016-05-13 16:10:01,
13550,2016-05-13 16:10:02,
11278,2016-05-13 16:10:02,
2973,2016-05-20 11:10:25,
8754,2016-05-20 12:50:22,
12865,2016-05-20 12:50:23,
13558,2016-05-20 12:50:24,
13561,2016-05-26 17:56:14,
13562,2016-05-26 17:56:15,
5641,2016-05-26 17:56:16,
13559,2016-05-26 17:56:17,
13560,2016-05-26 17:56:17,
276,2016-06-03 11:49:48,
7521,2016-06-03 11:49:49,
13564,2016-06-03 11:49:50,
7462,2016-06-03 11:49:50,
13563,2016-06-03 11:49:51,
9572,2016-06-08 14:34:38,
11796,2016-06-10 14:16:37,
11790,2016-06-10 14:16:38,
2987,2016-06-13 11:05:42,
4177,2016-06-13 11:05:44,
8753,2016-06-14 11:55:04,
5313,2016-06-15 13:01:02,
6395,2016-06-15 13:01:03,
6779,2016-06-24 14:05:27,
5985,2016-06-24 14:05:28,
2434,2016-06-24 14:05:29,
2427,2016-06-24 14:05:29,
6982,2016-07-01 12:28:25,
6801,2016-07-01 12:28:26,
13566,2016-07-21 11:26:40,
7641,2016-08-17 15:16:18,
13572,2016-08-17 15:16:19,
13574,2016-09-15 15:14:22,
8757,2016-09-23 13:10:18,
13583,2016-10-19 16:23:51,
7162,2016-11-04 11:34:14,
11285,2016-11-08 15:00:57,
13588,2016-11-29 11:49:00,
10018,2017-01-18 13:47:36,
10546,2017-03-07 17:04:48,
2339,2017-03-15 10:21:37,
10561,2017-06-01 09:29:06,
10579,2017-06-23 16:35:27,
10168,2017-07-12 03:09:18,
5803,2017-07-26 10:19:10,
7326,2017-09-13 13:31:53,
2854,2017-09-14 15:24:22,
7732,2017-09-26 12:12:07,
6351,2017-10-10 19:31:15,
10480,2017-11-14 15:30:17,
6470,2017-11-29 15:19:43,
2419,2017-12-01 20:23:34,
2791,2017-12-12 14:48:43,
7565,2017-12-12 14:48:44,
13596,2017-12-14 19:55:13,
1639,2018-01-05 20:13:18,
3152,2018-02-14 16:38:36,
13598,2018-02-14 16:38:38,
3770,2018-02-14 16:38:43,
13597,2018-02-14 16:38:46,
9172,2018-02-14 16:38:46,
13611,2018-03-07 17:55:15,
10835,2018-03-14 21:47:54,
13612,2018-03-26 15:41:53,
13613,2018-03-29 13:26:16,
13614,2018-04-04 21:26:47,
13615,2018-04-09 13:42:15,
13616,2018-04-09 13:42:17,
6009,2018-06-18 17:13:35,
13617,2018-07-03 14:32:30,
11056,2018-07-13 12:29:18,
9361,2018-07-26 15:16:08,
5693,2018-10-29 18:40:44,
7113,2018-11-16 21:28:58,
6275,2018-12-18 15:20:57,
10811,2019-01-16 19:34:04,
10280,2019-02-13 15:42:03,
4086,2019-02-28 16:16:31,
5527,2019-03-27 16:31:59,
9585,2019-04-08 15:37:11,
9945,2019-07-30 14:11:25,
11741,2019-07-30 14:11:26,
23,2019-08-09 16:36:54,
9574,2019-08-27 19:31:53,
6678,2019-11-06 21:27:45,
10908,2019-11-07 17:08:02,
10900,2019-11-08 17:05:41,
10911,2019-11-08 20:24:55,
10970,2019-11-15 17:07:57,
10980,2019-11-20 17:37:55,
10961,2019-11-20 21:05:05,
13627,2019-11-21 18:00:44,
13631,2019-11-25 14:23:30,
10982,2019-11-25 16:47:12,
10981,2019-11-25 16:47:13,
13628,2019-12-05 14:02:29,
3736,2019-12-10 22:48:45,
10699,2019-12-20 20:23:57,
13634,2019-12-23 18:07:08,
13633,2019-12-23 18:07:09,
3660,2020-01-06 20:35:42,
13635,2020-01-07 16:05:53,
13636,2020-01-07 17:04:07,
13638,2020-01-08 17:40:45,
13642,2020-01-08 17:40:45,
6374,2020-01-10 17:19:55,
4622,2020-01-17 16:44:41,
6733,2020-02-24 18:07:12,
5386,2020-02-28 17:18:13,
5820,2020-03-30 17:28:00,
6441,2020-03-30 19:17:52,
5822,2020-03-31 15:42:05,
7090,2020-03-31 15:42:09,
1370,2020-05-11 14:41:10,
13648,2020-05-27 12:17:34,
5312,2020-06-12 19:24:20,
8354,2020-07-03 19:29:32,
7473,2020-07-08 17:15:06,
13650,2020-07-13 16:24:56,
12838,2020-07-16 13:41:49,
7305,2020-07-22 20:23:22,
9594,2020-07-29 19:06:43,
13652,2020-08-11 16:15:16,
13655,2020-08-14 15:28:31,
5306,2020-10-08 15:57:37,
11183,2020-10-20 15:04:15,
10617,2020-10-29 19:35:34,
8730,2020-11-12 19:58:52,
11231,2021-01-10 15:58:41,
2882,2021-01-14 22:15:35,
12180,2021-02-02 20:22:10,
7929,2021-02-15 20:37:47,
6194,2021-02-16 15:54:18,
7007,2021-03-10 18:04:05,
13666,2021-03-16 15:25:43,
13654,2021-03-16 18:55:09,
13659,2021-04-06 19:43:21,
5824,2021-04-08 18:38:50,
13653,2021-04-21 14:39:05,
9301,2021-06-02 13:03:47,
5894,2021-06-05 16:00:17,
3955,2021-06-07 16:43:36,
4820,2021-06-07 19:26:47,
12553,2021-06-07 19:26:52,
13677,2021-06-07 19:26:57,
12741,2021-06-08 15:42:45,
13679,2021-06-08 15:42:47,
11385,2021-06-14 22:13:52,
13683,2021-06-21 15:09:27,
8906,2021-06-28 20:10:10,
13684,2021-06-28 20:10:11,
2541,2021-06-28 20:10:13,
13686,2021-06-30 02:25:18,
7881,2021-06-30 02:25:20,
9983,2021-07-01 18:51:30,
7882,2021-07-01 18:51:32,
2162,2021-07-07 18:26:29,
13687,2021-07-14 15:10:45,
13688,2021-07-16 18:40:44,
3266,2021-07-26 19:45:39,
13689,2021-07-27 15:07:16,
13692,2021-08-11 18:33:17,
12839,2021-08-14 20:43:48,
13694,2021-08-31 20:40:06,
13693,2021-08-31 20:40:07,
9761,2021-09-28 18:02:11,
13462,2021-11-22 15:17:51,
13697,2021-12-14 17:03:25,
1659,2022-01-19 19:15:18,
3485,2022-02-22 16:08:04,
13698,2022-02-23 16:01:48,
8,2022-03-03 19:28:35,
13699,2022-03-04 19:36:51,
13700,2022-03-04 20:18:29,
9343,2022-03-04 20:45:38,
13701,2022-03-04 21:19:25,
13702,2022-03-07 17:22:54,
13703,2022-03-07 17:22:56,
11290,2022-03-07 17:22:57,
13704,2022-03-07 17:22:58,
13706,2022-03-22 19:23:36,
5805,2022-03-22 20:24:13,
8507,2022-05-02 19:10:30,
12500,2022-05-05 14:47:21,
13707,2022-05-05 18:53:23,
12743,2022-05-09 15:35:03,
2069,2022-05-09 15:35:05,
12742,2022-05-09 15:35:06,
9047,2022-06-01 19:29:40,
12171,2022-06-01 19:29:41,
2418,2022-06-15 13:26:31,
13718,2022-06-27 15:29:25,
13720,2022-06-27 15:29:25,
13719,2022-06-27 15:29:26,
13721,2022-06-27 15:29:27,
10355,2022-06-28 16:51:07,
13723,2022-06-30 19:42:44,
13724,2022-06-30 19:42:48,
13722,2022-06-30 19:42:51,
9289,2022-06-30 20:05:17,
13625,2022-06-30 20:46:09,
13725,2022-06-30 21:01:11,
7525,2022-07-26 16:36:39,
12403,2022-07-26 16:36:40,
6076,2022-07-26 16:36:41,
13731,2022-08-08 19:21:58,
8156,2022-11-02 11:50:27,
13738,2022-11-02 11:50:28,
13737,2022-11-02 11:50:29,
13740,2022-11-17 16:57:12,
13744,2022-12-01 13:21:50,
13747,2023-01-10 22:35:12,
13749,2023-01-10 22:35:13,
13750,2023-01-10 22:35:13,
13748,2023-01-10 22:35:14,
13773,2023-01-20 16:14:33,
7297,2023-03-01 16:00:06,
3822,2023-03-13 20:04:10,
13745,2023-03-20 16:18:27,
13805,2023-03-22 20:03:09,
13788,2023-03-23 19:32:13,
13787,2023-03-23 19:55:43,
13803,2023-03-23 20:23:24,
13794,2023-03-23 20:47:21,
12479,2023-03-24 16:18:44,
13809,2023-04-12 18:28:56,
13249,2023-04-20 19:48:35,
10203,2023-04-20 19:48:38,
12745,2023-04-20 19:48:39,
13797,2023-04-24 15:57:37,
13796,2023-04-24 15:57:39,
13795,2023-04-24 15:57:41,
13246,2023-04-24 15:57:42,
13708,2023-05-11 13:36:28,
13810,2023-05-12 15:48:00,
2945,2023-05-18 14:48:52,
11158,2023-06-05 22:00:34,
12613,2023-06-05 22:00:34,
13806,2023-06-05 22:00:36,
13798,2023-06-05 22:00:38,
13793,2023-06-05 22:00:39,
13647,2023-06-05 22:00:39,
13789,2023-06-06 15:03:29,
4310,2023-06-06 15:03:29,
13248,2023-06-06 15:03:30,
13811,2023-06-07 20:07:23,
13812,2023-06-15 13:03:24,
13690,2023-06-15 16:15:34,
12981,2023-06-16 20:01:01,
8454,2023-06-21 14:05:25,
8456,2023-06-21 14:05:26,
8455,2023-06-21 14:05:26,
13815,2023-06-21 14:05:27,
1721,2023-07-06 14:51:48,
1719,2023-07-06 14:51:48,
1720,2023-07-06 14:51:49,
3627,2023-07-07 20:46:23,
13816,2023-07-18 21:15:32,
12439,2023-08-01 19:18:48,
13791,2023-08-14 17:23:03,
13790,2023-08-14 17:23:04,
13817,2023-08-14 17:23:06,
11428,2023-08-17 15:55:11,
13819,2023-08-24 16:00:17,
10319,2023-08-24 16:00:18,
10320,2023-08-24 16:00:21,
13820,2023-08-25 16:54:31,
8972,2023-08-30 16:53:34,
13825,2023-08-31 16:29:12,
13824,2023-08-31 16:29:15,
13823,2023-08-31 16:29:18,
13821,2023-08-31 16:29:19,
13822,2023-08-31 16:29:19,
2424,2023-09-08 21:15:16,
13828,2023-10-17 16:26:13,
11437,2023-10-19 12:37:49,
13836,2023-10-23 19:01:27,
13840,2023-10-23 19:01:31,
13842,2023-10-23 19:01:35,
13841,2023-10-23 19:01:40,
13839,2023-10-23 19:01:44,
13838,2023-10-23 19:01:46,
13837,2023-10-23 19:01:49,
13843,2023-10-27 14:51:42,
9895,2023-11-06 20:48:56,
13850,2023-11-14 15:17:03,
4691,2023-12-01 22:00:19,
9105,2023-12-11 15:04:43,
13853,2023-12-18 21:12:08,
13856,2024-01-08 15:17:28,
13857,2024-01-08 15:17:29,
13859,2024-01-08 15:17:29,
13858,2024-01-08 15:17:32,
13855,2024-01-08 15:17:36,
9764,2024-01-08 15:17:37,
3436,2024-01-10 17:54:28,
13861,2024-01-18 21:56:20,
13862,2024-01-18 21:56:23,
13860,2024-01-18 21:56:26,
10647,2024-01-18 21:56:26,
8592,2024-01-23 17:47:36,
7254,2024-01-23 17:48:04,
2992,2024-01-24 21:58:09,
13863,2024-01-25 17:47:59,
3417,2024-01-26 17:24:19,
40,2024-01-26 21:00:43,
13866,2024-01-29 22:07:40,
13865,2024-01-29 22:08:03,
13868,2024-01-29 22:08:15,
13867,2024-01-29 22:08:22,
13864,2024-01-29 22:08:34,
13869,2024-02-02 20:44:25,
13870,2024-02-05 18:21:32,
9083,2024-02-06 15:13:37,
10019,2024-02-12 19:20:30,
12982,2024-02-12 19:37:36,
13877,2024-02-20 20:53:41,
13878,2024-02-20 20:53:41,
13879,2024-03-05 15:59:49,
2918,2024-03-11 14:50:56,
13882,2024-04-10 15:03:52,
13883,2024-04-15 20:23:50,
13884,2024-04-24 12:43:20,
13885,2024-05-24 14:07:48,
12980,2024-05-28 21:22:26,
13888,2024-06-18 16:02:49,
9469,2024-06-27 13:47:53,
9278,2024-07-23 15:34:46,
2953,2024-08-08 16:42:11,
3004,2024-08-19 21:49:51,
4935,2024-08-21 21:25:34,
10298,2024-08-21 21:25:39,
4909,2024-09-05 19:47:29,
13894,2024-11-13 22:40:01,
13799,2024-11-13 22:40:04,
13895,2024-11-13 22:40:05,
4476,2025-01-02 14:24:10,
13896,2025-01-30 16:27:37,
8579,2025-01-31 23:00:05,
13214,2025-03-05 22:17:02,
13215,2025-03-05 22:17:03,
13213,2025-03-05 22:17:04,
13211,2025-03-05 22:17:04,
13212,2025-03-05 22:17:05,
10253,2025-03-07 00:28:02,
13209,2025-03-07 00:28:02,
13208,2025-03-07 00:28:03,
13210,2025-03-07 00:28:04,
13901,2025-03-26 15:42:06,
7427,2025-03-26 16:57:32,
13903,2025-03-28 12:19:56,
13904,2025-03-28 19:57:32,
2094,2025-04-24 15:34:51,
8194,2025-04-29 21:07:43,
11297,2025-05-06 20:41:19,
2696,2025-06-13 19:31:22,
11508,2025-06-17 10:29:52,
13244,2025-06-18 16:59:30,
6101,2025-06-18 16:59:34,
1798,2025-06-18 16:59:36,
6879,2025-06-18 16:59:38,
2511,2025-07-02 16:25:27,
4647,2025-07-02 16:25:35,
4330,2025-07-25 15:44:18,
2610,2025-07-25 15:44:20,
6328,2025-07-25 15:44:21,
6229,2025-07-25 15:44:22,