person_id,update_date,create_date,last_modified_date,last_modified_user_id
7107,04-01-2011 0:00:00,2010-11-03 16:32:49,2020-05-27 19:31:03,342
3889,04-01-2012 0:00:00,2011-04-14 10:39:45,2024-05-07 21:24:30,342
3977,04-01-2012 0:00:00,2011-05-18 14:13:07,2023-06-22 16:39:50,342
9169,10-01-2012 0:00:00,2009-08-26 17:05:44,2018-01-19 20:15:35,342
6122,04-01-2015 0:00:00,2015-04-28 13:49:55,2024-05-07 22:50:41,342
3211,06-01-2015 0:00:00,2011-08-04 21:41:13,2025-01-28 15:30:06,2
495,07-01-2015 0:00:00,2009-07-20 13:05:13,2015-08-19 14:28:34,2
12883,07-01-2015 0:00:00,2009-10-28 14:12:16,2023-06-21 23:36:16,342
13073,07-01-2015 0:00:00,2009-12-09 15:43:45,2023-06-21 23:41:33,342
2104,05-01-2025 0:00:00,2010-05-03 11:32:06,2025-05-23 19:24:46,2
7442,10-01-2024 0:00:00,2012-02-03 17:31:16,2024-10-04 11:25:50,2
2687,,2009-07-15 14:11:55,2009-07-15 14:43:07,2
13062,,2009-07-29 13:41:24,2010-09-22 16:37:28,2
13085,,2010-04-23 12:59:24,2012-05-02 21:29:34,2
4543,,2011-08-04 21:47:24,2023-12-08 19:36:11,2
13144,,2011-09-01 20:00:09,2011-10-27 19:45:18,2
13161,,2012-04-11 19:36:12,2012-10-17 18:11:36,2
4344,,2012-05-02 7:51:35,2012-07-31 15:47:16,2
2742,,2012-10-17 20:55:06,2017-01-04 11:23:55,342
6230,,2012-10-17 21:10:57,2017-01-04 11:24:02,342
1597,,2012-10-22 16:34:15,2017-01-04 11:24:13,342
2693,,2012-10-22 16:54:13,2017-01-04 11:21:34,342
10909,,2012-10-26 21:57:28,2017-01-04 11:24:21,342
11645,,2012-11-05 20:14:43,2017-01-04 11:24:41,342
12234,,2012-11-17 1:27:30,2017-01-04 11:24:32,342
11092,,2012-11-27 20:41:17,2017-01-04 11:23:36,342
7876,,2013-12-23 9:43:42,2013-12-23 11:48:14,2
2539,,2009-07-02 11:17:08,2024-02-05 14:12:09,2
7673,,2009-07-02 12:06:06,2019-10-31 13:29:57,2
8460,,2009-07-02 12:22:50,2024-05-07 23:34:07,342
2584,,2009-07-02 12:40:06,2023-06-22 19:56:04,342
4354,,2009-07-02 12:56:09,2025-05-16 15:26:27,2
13057,,2009-07-15 14:40:53,2024-05-08 12:52:44,342
8923,,2009-07-15 15:00:51,2015-09-04 15:28:39,2
84,,2009-07-15 15:25:42,2017-03-22 12:09:12,2
8181,,2009-07-15 15:50:13,2024-09-13 18:40:41,2
8891,,2009-07-15 16:12:59,2024-05-13 16:56:08,342
5588,,2009-07-15 16:47:39,2025-07-02 19:12:37,2
6962,,2009-07-15 16:51:30,2015-08-20 12:09:40,2
7114,,2009-07-15 17:02:39,2024-09-16 12:54:18,2
8750,,2009-07-15 17:06:36,2024-02-18 14:19:05,2
4185,,2009-07-17 12:46:17,2025-07-21 14:42:43,2
9624,,2009-07-17 16:09:44,2017-12-15 16:17:57,2
9612,,2009-07-17 16:41:17,2025-07-02 19:14:19,2
4676,,2009-07-20 12:02:10,2025-06-13 12:53:42,2
4272,,2009-07-20 12:36:57,2017-02-01 10:44:27,2
8825,,2009-07-20 12:47:57,2023-11-29 14:27:09,2
494,,2009-07-20 12:56:51,2024-05-07 20:27:43,342
8574,,2009-07-20 15:01:21,2025-01-29 16:55:52,2
6681,,2009-07-20 16:03:04,2024-06-19 14:33:47,2
10881,,2009-07-20 16:50:10,2024-07-02 16:56:51,2
4903,,2009-07-22 10:43:34,2024-05-07 22:16:18,342
9579,,2009-07-22 11:52:44,2024-06-26 14:15:17,2
13058,,2009-07-24 15:46:04,2024-05-08 12:53:09,342
9141,,2009-07-24 16:17:56,2020-07-09 15:25:53,2
4261,,2009-07-27 15:34:41,2021-11-22 19:03:26,2
13061,,2009-07-29 11:54:49,2021-12-21 16:09:12,2
3169,,2009-07-29 12:47:06,2019-03-11 14:48:07,2
3182,,2009-07-29 14:52:36,2025-03-28 20:37:21,2
3181,,2009-07-29 15:16:08,2019-01-17 18:32:36,342
11877,,2009-07-29 16:25:27,2016-07-18 15:25:19,2
6547,,2009-07-29 16:46:34,2024-06-27 15:52:46,2
4175,,2009-07-29 17:00:12,2016-07-12 15:42:02,2
4368,,2009-07-30 10:25:51,2018-02-11 20:29:16,342
2899,,2009-07-30 11:08:08,2018-01-16 20:30:45,342
5,,2009-07-30 12:07:37,2017-01-19 9:46:40,2
11453,,2009-07-30 14:05:55,2025-06-05 12:30:37,2
2798,,2009-07-30 14:25:46,2015-08-20 16:02:26,2
3890,,2009-07-30 14:48:26,2024-05-07 21:25:27,342
11471,,2009-07-30 15:11:07,2015-09-28 13:25:59,2
11865,,2009-07-30 16:37:27,2019-03-20 17:53:20,342
7637,,2009-07-30 17:03:25,2024-11-18 17:38:15,2
2812,,2009-08-03 11:04:08,2021-04-13 16:34:37,2
2670,,2009-08-03 11:26:34,2016-06-30 11:48:43,2
3936,,2009-08-03 11:54:34,2024-01-26 17:49:32,342
4167,,2009-08-03 12:11:07,2017-02-03 10:11:18,2
4115,,2009-08-03 12:34:23,2021-04-13 16:35:31,2
5858,,2009-08-03 14:22:02,2016-02-03 13:24:12,2
4166,,2009-08-03 14:39:41,2015-08-20 12:22:00,2
4168,,2009-08-03 15:06:31,2023-11-14 2:46:16,342
4085,,2009-08-03 15:59:01,2024-05-07 22:02:50,342
2823,,2009-08-03 16:12:29,2015-08-20 15:54:19,2
13063,,2009-08-03 16:39:46,2021-06-25 14:49:26,2
2790,,2009-08-03 16:50:28,2015-07-30 9:47:14,2
2803,,2009-08-03 17:00:41,2024-01-19 0:04:06,342
13064,,2009-08-05 10:29:57,2021-01-31 14:46:52,2
4150,,2009-08-05 10:41:51,2015-08-20 16:06:49,2
9482,,2009-08-05 11:17:52,2016-07-28 17:27:58,343
11307,,2009-08-05 11:38:57,2025-05-15 14:45:29,2
9030,,2009-08-05 12:01:39,2015-08-20 16:35:32,2
13065,,2009-08-05 12:29:10,2015-08-20 16:36:20,2
3939,,2009-08-05 12:52:02,2016-02-08 15:16:07,2
6278,,2009-08-05 13:11:59,2021-01-31 14:46:05,2
2712,,2009-08-05 13:25:51,2023-11-14 1:34:16,342
4170,,2009-08-05 15:34:20,2016-07-21 10:26:38,2
3673,,2009-08-05 15:51:06,2016-02-08 15:41:08,2
726,,2009-08-05 16:12:04,2024-05-07 20:28:40,342
4114,,2009-08-05 16:30:53,2016-02-08 15:17:28,2
3940,,2009-08-05 16:46:30,2016-02-03 13:55:41,2
2801,,2009-08-05 16:58:10,2016-06-29 14:02:12,2
3937,,2009-08-05 17:13:05,2015-09-04 13:08:01,2
4113,,2009-08-07 10:16:05,2021-04-13 16:33:38,2
3938,,2009-08-07 10:56:40,2016-07-28 15:35:10,343
4164,,2009-08-07 11:18:04,2020-01-13 21:14:24,2
4119,,2009-08-07 11:31:29,2021-01-31 14:47:24,2
2789,,2009-08-07 13:38:33,2024-05-07 20:43:55,342
6749,,2009-08-07 14:04:23,2016-06-29 11:51:26,2
2806,,2009-08-07 14:26:09,2018-01-16 21:11:56,342
6405,,2009-08-07 15:16:32,2025-07-24 15:55:49,2
2595,,2009-08-07 16:17:23,2016-07-29 11:44:16,2
11898,,2009-08-07 16:41:25,2017-12-20 17:38:43,343
10824,,2009-08-07 17:13:23,2016-07-29 11:28:32,2
10687,,2009-08-10 12:20:48,2024-05-07 23:48:15,342
11114,,2009-08-10 14:32:07,2022-01-27 14:47:06,2
12828,,2009-08-10 17:02:58,2024-05-08 12:52:20,342
3085,,2009-08-11 11:32:06,2017-12-14 22:05:18,343
6065,,2009-08-11 17:07:12,2024-05-07 22:50:12,342
10531,,2009-08-12 11:21:27,2016-07-28 18:29:37,343
7038,,2009-08-12 13:57:21,2017-02-03 10:21:29,2
6671,,2009-08-12 15:21:59,2020-07-10 12:59:07,2
3759,,2009-08-12 16:49:09,2016-08-09 15:37:58,343
6620,,2009-08-19 15:40:52,2023-05-08 14:34:24,2
6159,,2009-08-19 16:00:08,2015-08-27 15:23:15,2
10258,,2009-08-19 16:20:19,2016-06-27 12:47:31,2
3165,,2009-08-19 16:43:50,2015-08-10 18:44:38,343
3881,,2009-08-19 17:02:50,2024-02-02 15:42:04,2
7373,,2009-08-19 17:27:29,2021-11-22 14:42:45,2
6756,,2009-08-20 14:50:28,2016-06-27 13:20:10,2
13066,,2009-08-20 16:13:17,2024-05-08 12:53:25,342
7636,,2009-08-20 16:35:57,2015-09-11 16:18:14,2
3101,,2009-08-20 17:11:59,2015-08-20 16:07:21,2
3139,,2009-08-20 17:16:24,2019-11-15 19:54:05,342
3469,,2009-08-21 10:56:34,2015-09-04 16:42:56,2
6672,,2009-08-21 11:21:29,2016-07-26 17:10:54,2
8912,,2009-08-21 15:43:56,2016-07-12 17:05:42,2
1754,,2009-08-21 16:40:28,2024-08-22 14:36:34,2
8857,,2009-08-24 15:52:11,2024-08-22 14:37:36,2
4043,,2009-08-24 19:17:55,2024-08-22 14:31:41,2
10904,,2009-08-27 13:34:16,2024-05-07 23:50:40,342
303,,2009-08-27 13:49:57,2021-02-22 18:19:27,342
11117,,2009-08-27 15:03:00,2022-03-21 21:52:14,342
5999,,2009-08-27 17:07:04,2021-01-05 18:13:10,2
9121,,2009-08-28 16:59:20,2025-06-30 15:11:04,2
6205,,2009-08-31 14:32:14,2024-05-07 22:51:07,342
1108,,2009-08-31 15:25:06,2022-08-31 14:58:20,2
490,,2009-08-31 15:58:49,2018-01-19 14:45:15,2
4626,,2009-09-03 13:26:49,2025-02-25 15:12:46,2
5281,,2009-09-03 14:50:11,2016-10-13 13:51:01,2
86,,2009-09-03 17:03:39,2015-08-20 16:17:29,2
9618,,2009-09-04 10:26:15,2021-02-09 19:14:17,342
5234,,2009-09-04 12:01:03,2024-05-07 22:18:29,342
96,,2009-09-04 13:54:00,2017-09-28 17:28:31,342
9,,2009-09-09 13:01:51,2018-03-30 13:52:34,2
9297,,2009-09-10 16:35:13,2017-01-13 10:17:45,2
9372,,2009-09-11 12:15:18,2024-06-18 15:09:30,2
6653,,2009-09-11 13:35:30,2016-07-18 17:42:45,2
10301,,2009-09-11 15:02:06,2024-09-09 22:52:05,342
10815,,2009-09-21 14:23:41,2023-06-21 23:31:19,342
7429,,2009-09-23 15:46:07,2023-06-21 22:56:19,342
2916,,2009-09-24 11:26:49,2025-04-08 12:20:22,2
2919,,2009-09-24 11:48:59,2023-06-22 19:58:19,342
13026,,2009-09-24 18:05:52,2023-06-21 23:38:56,342
12521,,2009-09-25 16:00:57,2016-07-22 11:26:45,2
2915,,2009-10-04 11:50:10,2023-11-09 16:01:46,342
3006,,2009-10-05 14:38:22,2025-01-27 22:44:40,2
10083,,2009-10-05 16:10:36,2023-09-06 19:37:23,2
9688,,2009-10-05 17:11:49,2024-05-07 23:42:55,342
5717,,2009-10-07 11:07:42,2021-03-17 15:50:07,2
6285,,2009-10-08 16:30:36,2024-05-07 22:51:29,342
2733,,2009-10-14 16:34:36,2018-01-26 20:09:15,342
8752,,2009-10-16 11:14:27,2016-03-04 15:43:27,2
9990,,2009-10-16 14:34:03,2024-02-26 13:33:40,2
3866,,2009-10-23 14:27:45,2023-06-22 16:28:30,342
5461,,2009-10-23 16:14:05,2023-11-09 15:43:31,342
3121,,2009-10-26 13:06:21,2024-05-13 16:06:22,342
8472,,2009-10-26 16:21:47,2023-06-21 23:05:29,342
3125,,2009-10-26 17:07:14,2016-07-12 15:27:02,2
6746,,2009-10-28 16:47:18,2017-12-18 22:32:23,343
3744,,2009-10-28 17:45:06,2020-07-03 17:47:03,2
9839,,2009-10-30 15:35:50,2018-04-12 18:30:56,342
2683,,2009-11-05 15:59:24,2022-02-07 16:07:07,342
13067,,2009-11-06 16:34:45,2023-06-21 23:39:38,342
13068,,2009-11-06 16:52:07,2024-05-08 12:57:19,342
13069,,2009-11-06 16:57:21,2015-09-02 16:42:19,2
13070,,2009-11-06 17:02:50,2015-09-03 13:02:39,2
13071,,2009-11-09 12:55:57,2021-01-06 15:18:31,2
10315,,2009-11-09 14:27:31,2019-06-10 21:15:25,342
13072,,2009-11-11 13:45:23,2022-06-09 15:27:10,2
8027,,2009-11-11 16:29:09,2020-07-03 16:52:33,2
6489,,2009-11-12 17:33:46,2018-01-11 19:04:24,2
3175,,2009-11-13 11:19:32,2022-02-10 16:42:41,342
2799,,2009-11-16 12:58:37,2016-06-29 14:24:24,2
1722,,2009-11-16 15:20:34,2017-09-26 10:48:58,2
5786,,2009-11-16 18:34:05,2024-05-07 22:40:27,342
11141,,2009-11-18 16:27:00,2015-09-15 11:31:27,2
1981,,2009-11-19 14:50:30,2015-08-20 16:09:07,2
6452,,2009-11-19 17:27:09,2018-01-09 17:14:54,2
2774,,2009-11-20 12:25:30,2023-06-21 22:54:02,342
5615,,2009-11-20 16:08:48,2025-06-05 12:29:12,2
4349,,2009-11-20 17:36:21,2015-08-20 16:51:34,2
3168,,2009-12-02 13:13:03,2018-11-27 16:58:18,342
4630,,2009-12-04 17:26:14,2015-12-23 15:42:12,343
4632,,2009-12-09 14:27:13,2015-12-23 15:35:15,343
9634,,2009-12-11 15:24:39,2025-06-05 13:10:18,2
10536,,2009-12-18 10:21:01,2023-09-21 14:56:45,2
9126,,2009-12-23 12:28:24,2018-01-16 23:15:32,343
2051,,2010-01-20 16:24:52,2025-04-24 15:48:02,2
2137,,2010-01-22 14:45:38,2018-03-26 14:48:05,2
11352,,2010-01-28 13:15:21,2021-10-04 14:49:59,2
2491,,2010-01-29 15:16:28,2024-01-08 21:36:02,2
10683,,2010-02-03 16:17:31,2020-01-06 15:49:17,2
4425,,2010-02-10 10:22:05,2025-04-28 19:09:19,2
13074,,2010-02-11 10:46:02,2015-09-15 14:30:24,2
4291,,2010-02-12 17:49:06,2024-05-07 22:06:09,342
2280,,2010-02-16 11:32:47,2024-05-13 16:21:20,342
13075,,2010-02-16 14:40:23,2015-08-11 15:06:27,2
13076,,2010-02-16 15:03:05,2017-09-28 15:03:53,342
2891,,2010-02-17 12:33:12,2017-04-17 11:16:43,342
9646,,2010-02-17 18:47:25,2024-05-07 23:42:31,342
13077,,2010-02-18 11:10:51,2015-08-20 15:56:00,2
6735,,2010-02-22 14:22:04,2023-02-23 20:39:30,2
13078,,2010-02-26 13:40:59,2015-09-04 16:14:31,2
4267,,2010-02-26 16:06:37,2019-04-23 18:27:15,342
11909,,2010-03-03 17:55:14,2017-12-20 14:24:20,2
11942,,2010-03-03 19:08:03,2018-01-12 22:14:58,2
8637,,2010-03-04 15:16:26,2015-09-04 12:27:21,2
4352,,2010-03-04 16:32:45,2015-08-20 12:01:14,2
3028,,2010-03-05 17:20:48,2024-05-07 21:13:10,342
8361,,2010-03-05 17:29:37,2015-08-20 15:55:14,2
4350,,2010-03-05 18:09:43,2015-09-23 12:06:13,2
4348,,2010-03-08 14:18:06,2015-09-04 15:39:50,2
11986,,2010-03-09 14:32:54,2024-05-13 16:26:31,342
11441,,2010-03-10 17:22:00,2015-08-19 16:10:55,2
11462,,2010-03-12 14:21:00,2015-09-23 12:58:13,2
3141,,2010-03-18 12:35:47,2024-05-07 21:14:46,342
12096,,2010-03-19 15:04:14,2022-03-17 16:46:34,342
2980,,2010-03-19 16:08:50,2024-05-07 21:12:42,342
3671,,2010-03-30 15:19:18,2023-12-08 19:38:10,2
5644,,2010-04-01 11:01:00,2023-05-30 14:24:55,342
3178,,2010-04-19 11:04:19,2019-12-28 14:49:56,342
2387,,2010-04-19 11:57:15,2024-11-26 13:03:39,2
1898,,2010-04-19 12:11:30,2025-01-28 13:28:02,2
2338,,2010-04-19 14:20:20,2024-05-13 16:13:18,342
2340,,2010-04-19 14:37:49,2015-10-08 15:16:07,2
13079,,2010-04-19 14:57:21,2024-05-08 12:57:41,342
13080,,2010-04-19 15:16:43,2024-07-17 20:03:13,2
13081,,2010-04-19 15:21:52,2021-04-27 19:42:38,342
13082,,2010-04-19 15:27:09,2024-05-08 12:58:41,342
13083,,2010-04-19 15:33:23,2023-06-23 0:43:08,342
13084,,2010-04-19 15:36:36,2023-06-23 0:43:32,342
2948,,2010-04-19 15:46:20,2025-03-04 17:56:20,342
5457,,2010-04-22 14:58:40,2021-01-06 15:24:45,2
7164,,2010-04-22 16:50:23,2020-01-13 16:23:46,2
6373,,2010-04-23 12:54:56,2015-10-09 16:19:32,2
6770,,2010-04-26 10:35:47,2016-03-22 14:55:25,343
6257,,2010-04-26 16:41:32,2019-08-12 17:16:17,342
8076,,2010-04-29 10:22:16,2025-06-19 11:55:14,2
5977,,2010-04-29 10:45:20,2015-04-24 11:54:37,2
8675,,2010-04-29 10:56:56,2017-12-20 14:51:36,2
9254,,2010-04-29 11:09:20,2015-09-30 12:02:44,2
4002,,2010-04-29 16:00:30,2020-01-13 19:56:21,2
8101,,2010-04-29 16:05:38,2016-08-01 15:49:19,2
1726,,2010-04-30 15:06:31,2023-11-09 16:00:00,342
6367,,2010-04-30 15:34:06,2015-09-30 12:25:32,2
5750,,2010-05-03 12:42:19,2018-01-11 19:07:22,2
11565,,2010-05-05 12:39:01,2024-05-08 12:11:12,342
9788,,2010-05-07 12:40:38,2017-11-07 19:40:52,343
5555,,2010-05-07 12:46:21,2015-10-08 16:01:32,2
2866,,2010-05-11 12:00:28,2024-05-07 20:46:09,342
9789,,2010-05-11 13:09:45,2015-10-08 15:28:10,2
13086,,2010-05-11 17:05:53,2023-06-23 0:44:04,342
6251,,2010-05-12 16:00:30,2016-09-26 17:30:03,2
5437,,2010-05-12 17:42:26,2015-10-08 15:35:54,2
6723,,2010-05-13 9:50:20,2019-04-15 15:20:33,2
9590,,2010-05-13 11:29:57,2025-07-02 19:27:54,2
13087,,2010-05-13 15:50:31,2017-12-22 18:16:49,343
13088,,2010-05-13 15:55:20,2024-05-08 12:59:52,342
8103,,2010-05-13 16:06:15,2018-01-08 20:48:43,343
11597,,2010-05-13 16:10:11,2016-09-26 16:42:18,2
3883,,2010-05-13 16:35:04,2023-06-22 1:57:58,342
1985,,2010-05-17 11:44:00,2016-09-30 11:39:26,2
6793,,2010-05-17 14:52:43,2015-12-09 15:50:00,2
13089,,2010-05-24 20:15:05,2017-09-28 15:51:20,342
4660,,2010-05-29 13:52:05,2024-07-09 18:13:01,342
1963,,2010-06-03 10:05:41,2017-12-14 15:26:55,2
1820,,2010-06-07 14:49:44,2023-11-10 19:21:22,342
13090,,2010-06-07 15:00:26,2022-03-21 21:53:51,342
13091,,2010-06-09 12:57:17,2023-06-23 0:44:53,342
5626,,2010-06-10 17:13:31,2024-08-06 17:35:00,2
7024,,2010-06-11 16:33:06,2015-10-22 16:18:00,2
2203,,2010-06-14 11:17:30,2019-06-25 18:02:35,2
5406,,2010-06-14 12:04:33,2015-11-19 15:15:35,2
5753,,2010-06-14 13:59:26,2024-05-07 22:40:05,342
5401,,2010-06-14 14:35:38,2023-11-09 15:46:41,342
13092,,2010-06-16 12:03:30,2020-07-14 20:36:41,342
6690,,2010-06-21 15:09:27,2024-05-07 22:54:14,342
6340,,2010-06-21 15:15:25,2016-02-29 12:08:01,2
3778,,2010-06-21 15:24:02,2016-07-27 11:24:37,2
7370,,2010-06-23 15:38:49,2015-11-19 14:30:56,2
5408,,2010-06-24 14:03:43,2025-05-15 14:44:33,2
7512,,2010-06-24 14:11:02,2024-05-13 16:18:06,342
2462,,2010-06-30 10:26:24,2016-07-27 14:36:10,2
3782,,2010-06-30 10:59:47,2024-05-07 21:20:23,342
2328,,2010-06-30 11:07:18,2025-02-28 15:04:55,2
3783,,2010-07-01 12:16:09,2016-07-27 14:45:34,2
3784,,2010-07-02 9:42:59,2016-07-29 12:13:15,2
3785,,2010-07-02 9:50:40,2023-08-10 16:48:10,342
6100,,2010-07-02 12:35:41,2023-11-09 15:44:52,342
1029,,2010-07-06 16:04:10,2023-09-12 13:11:22,2
1035,,2010-07-06 16:29:04,2023-09-12 13:08:19,2
7053,,2010-07-07 16:37:35,2020-02-03 20:41:11,2
13093,,2010-07-09 15:11:52,2017-12-15 22:29:27,343
3786,,2010-07-12 12:49:58,2021-02-11 22:43:02,342
4217,,2010-07-13 12:02:33,2023-06-21 22:50:06,342
3788,,2010-07-15 10:26:31,2018-01-02 20:08:36,343
3789,,2010-07-15 10:49:28,2018-01-02 22:38:46,343
3791,,2010-07-16 11:55:08,2024-05-07 21:20:49,342
3792,,2010-07-16 12:00:49,2020-02-03 20:44:17,2
3793,,2010-07-16 12:07:27,2018-01-05 21:27:31,343
10507,,2010-07-16 16:00:54,2017-02-06 10:55:14,2
3795,,2010-07-19 16:09:07,2024-05-07 21:23:28,342
3794,,2010-07-19 16:16:22,2024-05-13 16:15:07,342
4219,,2010-07-19 16:47:08,2017-12-15 15:56:51,2
11618,,2010-07-29 12:06:25,2015-12-09 16:10:29,2
5137,,2010-07-29 12:27:04,2015-12-09 16:42:51,2
8868,,2010-08-02 16:33:47,2022-06-16 15:18:57,2
10528,,2010-08-05 10:00:18,2016-09-26 17:59:35,2
4220,,2010-08-09 12:06:14,2017-12-14 15:24:02,2
13095,,2010-08-09 13:24:16,2016-02-29 11:25:59,2
13097,,2010-08-09 16:43:38,2016-07-26 17:17:13,2
13094,,2010-08-09 16:54:16,2020-02-18 14:07:59,2
13098,,2010-08-09 17:03:55,2016-04-11 10:53:28,2
13099,,2010-08-09 17:08:19,2016-11-30 15:13:52,343
13100,,2010-08-09 17:11:05,2016-02-29 11:33:30,2
13101,,2010-08-09 17:14:25,2020-02-18 14:50:06,2
13096,,2010-08-09 17:16:45,2020-02-18 14:56:46,2
8116,,2010-08-11 11:42:42,2016-02-29 11:58:27,2
13102,,2010-08-11 11:48:03,2017-01-19 10:13:25,2
13103,,2010-08-11 11:53:34,2016-03-03 14:50:56,2
13104,,2010-08-11 11:58:08,2016-03-03 14:58:51,2
13105,,2010-08-11 12:03:36,2024-05-08 13:01:26,342
9750,,2010-08-13 11:41:36,2016-03-04 15:54:24,2
13106,,2010-08-13 11:46:02,2016-03-24 14:35:31,2
13107,,2010-08-13 11:50:04,2016-03-24 14:44:30,2
9095,,2010-08-13 14:40:23,2016-08-02 16:55:28,2
13108,,2010-08-27 14:36:57,2016-03-24 14:56:42,2
13109,,2010-08-27 14:48:02,2016-03-24 15:13:37,2
13110,,2010-08-27 14:59:29,2016-03-24 15:30:02,2
4285,,2010-08-27 15:14:00,2016-04-11 10:38:43,2
29,,2010-08-27 15:55:58,2022-12-13 20:22:31,2
2598,,2010-09-01 18:35:43,2016-04-11 11:13:31,2
2591,,2010-09-02 16:43:34,2018-01-22 23:22:09,343
2638,,2010-09-03 13:41:36,2019-08-13 21:01:23,342
2593,,2010-09-09 13:21:16,2019-08-13 21:00:54,342
3274,,2010-09-10 10:47:39,2025-02-18 18:21:15,2
2592,,2010-09-13 15:56:55,2022-03-19 14:07:15,342
2329,,2010-09-13 16:20:07,2020-02-19 14:33:09,2
4631,,2010-09-13 16:26:49,2016-05-06 16:52:38,2
3414,,2010-09-14 11:22:57,2020-02-19 14:37:32,2
6726,,2010-09-14 15:41:40,2024-09-13 19:33:45,2
5817,,2010-09-14 16:53:41,2016-07-19 15:21:26,2
4402,,2010-09-17 13:40:15,2016-07-20 10:58:40,2
13111,,2010-09-17 14:56:42,2019-12-05 21:06:38,343
4669,,2010-09-20 12:24:55,2023-04-04 19:21:34,2
10794,,2010-09-20 13:34:56,2016-08-02 17:02:46,2
7093,,2010-09-20 13:45:58,2020-03-03 15:18:36,2
6953,,2010-09-20 15:17:30,2022-12-22 14:10:38,2
5818,,2010-09-21 15:24:17,2016-07-19 15:10:19,2
5819,,2010-09-21 16:40:12,2016-07-19 15:06:56,2
2912,,2010-09-22 14:43:17,2016-08-03 15:27:22,2
4535,,2010-09-22 14:53:07,2020-03-03 16:33:30,2
3877,,2010-09-22 15:11:52,2024-05-07 21:23:51,342
7622,,2010-09-23 11:29:27,2022-12-22 15:11:01,342
11572,,2010-09-23 16:45:59,2025-07-22 12:43:36,2
7240,,2010-09-29 15:02:43,2020-03-03 17:10:24,2
13112,,2010-10-01 12:56:43,2018-03-01 16:53:06,342
6286,,2010-10-08 11:23:46,2023-06-21 22:51:55,342
6219,,2010-10-08 11:31:58,2020-03-03 17:14:51,2
6910,,2010-10-08 11:41:19,2020-03-10 18:04:44,2
6997,,2010-10-08 11:46:47,2021-01-09 15:38:18,2
1637,,2010-10-08 11:56:04,2023-06-22 0:01:37,342
5480,,2010-10-08 12:04:22,2020-03-10 18:22:10,2
6175,,2010-10-19 13:43:41,2020-03-11 15:42:25,2
8099,,2010-10-19 15:18:13,2024-05-07 23:32:06,342
7230,,2010-10-19 15:28:04,2020-03-11 16:09:46,2
3743,,2010-10-19 15:36:53,2020-03-11 16:34:35,2
5953,,2010-10-19 15:45:38,2020-03-12 13:59:19,2
12817,,2010-10-19 16:19:18,2020-03-12 14:35:13,2
2871,,2010-10-19 16:28:58,2020-03-12 14:56:56,2
8086,,2010-10-19 16:44:13,2016-08-16 16:27:12,2
1586,,2010-10-19 17:03:31,2020-04-09 21:17:59,2
8342,,2010-10-19 17:09:50,2025-04-21 14:31:25,2
13113,,2010-10-20 10:16:05,2025-01-28 14:12:09,2
6872,,2010-10-22 12:05:24,2020-04-15 19:40:20,2
5432,,2010-10-22 12:16:02,2022-01-29 16:28:10,2
7083,,2010-10-22 12:27:15,2016-08-23 11:16:23,2
5777,,2010-10-22 12:55:06,2020-04-21 14:10:34,2
8106,,2010-10-22 13:06:25,2020-04-21 14:14:10,2
9795,,2010-10-22 13:16:24,2020-04-21 16:44:39,2
4730,,2010-10-25 12:39:44,2020-04-21 17:11:02,2
4611,,2010-10-25 16:50:48,2024-06-13 19:05:40,2
3040,,2010-10-26 16:04:45,2021-05-03 17:02:07,342
5511,,2010-10-29 11:16:05,2021-03-24 18:40:57,2
4092,,2010-10-29 11:29:14,2024-05-07 22:03:45,342
4265,,2010-10-29 11:37:49,2020-05-27 17:36:44,342
8105,,2010-10-29 11:54:53,2020-05-27 17:50:53,342
7803,,2010-11-04 14:14:17,2024-05-13 16:16:32,342
6110,,2010-11-04 14:52:21,2016-07-26 10:45:50,2
7879,,2010-11-04 15:47:04,2020-06-03 18:41:37,342
8128,,2010-11-04 16:10:59,2024-05-07 23:32:50,342
2523,,2010-11-05 10:27:15,2020-06-04 15:10:48,342
4276,,2010-11-05 10:38:34,2020-06-04 15:47:47,342
5899,,2010-11-08 15:12:27,2016-08-01 13:49:15,2
3225,,2010-11-08 15:19:32,2016-08-01 13:50:40,2
2814,,2010-11-08 15:39:00,2020-06-08 17:59:07,342
2952,,2010-11-08 15:52:03,2020-06-08 18:08:06,342
3008,,2010-11-10 16:13:09,2022-05-31 14:42:40,342
5902,,2010-11-10 16:57:00,2020-09-22 22:29:28,342
2816,,2010-11-22 16:07:45,2020-10-28 15:30:37,342
8097,,2010-11-22 16:15:31,2016-08-23 13:51:28,2
8107,,2010-11-23 10:11:19,2020-10-28 15:40:20,342
6466,,2010-11-23 10:23:41,2022-11-10 16:08:22,342
2442,,2010-12-03 15:23:27,2024-05-07 20:38:39,342
5729,,2010-12-03 15:46:55,2025-05-13 14:30:25,342
6586,,2010-12-03 16:01:19,2016-09-16 12:36:35,2
1728,,2010-12-03 16:12:49,2024-05-07 20:31:26,342
6587,,2010-12-03 16:19:44,2016-09-23 14:36:32,2
8108,,2010-12-03 16:34:01,2020-12-01 15:59:19,2
6648,,2010-12-08 12:37:13,2017-09-26 16:56:22,343
2327,,2010-12-08 12:50:07,2016-09-23 15:04:42,2
8109,,2010-12-08 16:23:06,2023-06-22 18:18:50,342
2872,,2010-12-08 16:37:44,2021-03-06 15:25:51,2
5706,,2010-12-08 16:53:38,2021-03-16 17:57:17,342
5796,,2010-12-16 14:35:04,2024-05-07 22:41:15,342
4487,,2010-12-16 15:41:54,2017-02-01 10:59:06,2
4488,,2010-12-16 16:09:14,2023-06-22 22:23:56,342
4489,,2010-12-16 16:36:09,2023-06-22 16:46:19,342
3173,,2010-12-17 14:15:53,2023-02-15 23:44:06,342
4490,,2010-12-17 16:34:27,2023-06-22 16:46:49,342
6536,,2010-12-23 15:42:31,2023-06-22 17:37:19,342
6535,,2010-12-23 16:04:14,2024-05-07 22:52:34,342
3171,,2011-01-03 16:34:42,2023-06-22 16:32:39,342
4492,,2011-01-03 17:16:44,2023-06-22 16:47:35,342
6526,,2011-01-04 10:50:04,2021-02-10 14:56:37,342
4493,,2011-01-04 14:34:59,2018-01-08 21:43:59,343
4494,,2011-01-04 16:19:57,2018-08-29 15:50:34,342
4495,,2011-01-04 16:58:15,2023-06-22 16:49:49,342
4496,,2011-01-04 17:21:11,2023-06-22 16:50:58,342
4497,,2011-01-06 11:52:06,2024-05-07 22:08:50,342
4498,,2011-01-06 14:16:27,2023-06-22 16:51:57,342
5652,,2011-01-06 15:01:05,2023-06-22 22:38:57,342
4499,,2011-01-06 15:14:17,2023-06-22 16:53:13,342
4500,,2011-01-06 15:30:32,2023-06-22 16:54:32,342
7937,,2011-01-06 15:51:02,2017-10-10 19:47:41,343
5360,,2011-01-06 16:32:46,2023-06-22 22:35:51,342
13115,,2011-01-10 10:57:35,2023-06-21 23:42:25,342
9523,,2011-01-12 12:08:37,2016-09-20 16:19:16,343
2238,,2011-01-12 12:18:22,2021-01-24 18:36:13,2
6818,,2011-01-12 12:30:21,2023-06-22 22:51:56,342
2237,,2011-01-12 12:38:24,2016-09-20 16:43:19,343
2235,,2011-01-12 12:51:16,2022-06-22 19:13:01,342
4501,,2011-01-14 10:57:22,2023-06-22 16:55:19,342
5901,,2011-01-14 11:10:33,2021-03-16 17:38:38,342
5415,,2011-01-14 12:07:41,2023-06-22 17:04:29,342
5381,,2011-01-14 12:40:43,2023-06-22 22:37:01,342
5932,,2011-01-19 14:45:31,2023-06-22 17:07:21,342
5371,,2011-01-19 15:08:42,2023-06-22 17:04:00,342
5317,,2011-01-19 15:40:16,2017-04-12 18:31:04,343
2819,,2011-01-19 16:30:00,2017-12-18 21:41:11,343
5485,,2011-01-19 16:38:13,2017-12-18 21:30:51,343
6646,,2011-01-24 17:02:19,2018-03-07 19:28:12,342
6979,,2011-02-03 11:46:22,2024-05-13 16:11:03,342
7182,,2011-02-03 12:04:50,2018-01-05 22:20:06,343
11131,,2011-02-03 12:59:39,2021-03-10 15:12:23,2
6498,,2011-02-03 14:04:52,2024-05-07 22:52:10,342
9059,,2011-02-03 14:17:56,2023-06-22 19:14:30,342
9058,,2011-02-03 14:29:36,2023-06-22 19:14:00,342
9057,,2011-02-03 14:38:09,2023-06-22 19:12:52,342
9055,,2011-02-03 14:45:29,2023-06-22 19:12:30,342
4469,,2011-02-03 15:18:19,2025-05-06 16:21:45,2
6738,,2011-02-03 16:36:25,2024-08-22 14:39:06,2
4206,,2011-02-14 14:31:26,2023-06-22 16:41:56,342
4277,,2011-02-14 14:46:17,2017-10-11 20:37:50,2
4278,,2011-02-14 14:56:17,2017-10-11 20:40:25,2
4279,,2011-02-14 15:04:19,2017-10-11 20:43:26,2
4280,,2011-02-14 15:24:01,2017-10-11 20:46:30,2
4282,,2011-02-14 15:40:01,2021-11-09 2:46:21,342
6978,,2011-02-14 15:52:02,2020-10-29 17:07:57,342
13116,,2011-02-17 17:29:00,2023-06-21 23:43:16,342
13117,,2011-02-17 17:31:42,2023-06-23 0:45:58,342
13118,,2011-02-17 17:36:40,2024-05-08 13:01:58,342
10497,,2011-02-18 13:50:51,2023-11-09 15:35:57,342
13119,,2011-02-22 13:19:42,2023-06-23 0:46:43,342
13120,,2011-02-28 14:38:53,2022-06-16 14:38:09,342
13121,,2011-02-28 14:47:14,2017-10-11 16:23:01,342
10442,,2011-02-28 15:09:46,2017-12-20 20:57:28,343
13122,,2011-02-28 15:55:08,2023-06-23 0:47:33,342
13123,,2011-02-28 16:01:00,2017-10-11 16:23:32,342
13124,,2011-02-28 16:15:07,2024-06-21 13:00:59,2
13125,,2011-02-28 16:20:40,2024-05-08 13:03:10,342
13126,,2011-02-28 16:25:31,2021-01-31 14:36:29,2
13127,,2011-02-28 16:50:47,2024-05-08 13:03:42,342
13128,,2011-02-28 17:01:11,2017-12-20 22:29:37,343
13129,,2011-03-02 17:12:39,2017-12-22 18:21:09,343
2589,,2011-03-03 14:03:17,2025-01-28 20:40:03,2
10573,,2011-03-10 14:50:55,2024-05-07 23:46:48,342
2456,,2011-03-11 11:35:30,2022-06-22 20:53:07,342
9056,,2011-03-11 12:13:23,2017-10-13 20:55:04,343
2510,,2011-03-11 16:37:06,2019-08-12 17:07:32,342
13131,,2011-03-11 16:57:31,2024-05-08 13:04:12,342
2232,,2011-03-15 14:24:55,2018-01-05 21:39:26,343
2781,,2011-03-18 13:37:55,2024-05-07 20:40:32,342
2780,,2011-03-18 14:15:01,2018-01-12 0:02:59,343
7870,,2011-03-18 15:31:05,2023-06-22 22:53:51,342
9049,,2011-03-18 15:39:28,2023-06-22 18:26:01,342
9050,,2011-03-18 15:46:59,2017-10-13 20:14:21,343
9051,,2011-03-18 16:03:59,2024-05-07 23:36:49,342
9053,,2011-03-18 16:10:58,2023-06-22 19:12:03,342
7743,,2011-03-18 16:19:14,2023-06-22 18:09:04,342
4642,,2011-04-08 10:45:14,2024-05-07 22:12:03,342
2787,,2011-04-11 10:56:50,2024-05-07 20:42:18,342
13132,,2011-04-11 11:30:42,2018-01-12 0:07:26,343
1871,,2011-04-11 14:41:19,2020-07-01 17:37:56,342
7152,,2011-04-13 15:06:13,2018-01-12 0:37:23,343
10654,,2011-04-13 15:14:14,2018-01-12 0:39:23,343
10656,,2011-04-13 15:19:42,2018-01-12 0:44:46,343
10649,,2011-04-13 15:27:23,2018-01-12 1:01:21,343
10659,,2011-04-13 15:36:16,2018-01-16 18:44:50,343
10658,,2011-04-13 15:47:11,2018-01-16 19:20:24,343
10572,,2011-04-13 15:52:46,2018-01-16 19:26:42,343
7918,,2011-04-14 13:56:05,2018-01-16 19:46:46,343
7676,,2011-04-14 14:13:32,2021-03-23 14:04:58,2
8355,,2011-04-14 14:25:17,2018-01-16 20:21:16,343
7644,,2011-04-14 14:32:46,2018-01-17 20:40:12,343
4379,,2011-04-14 14:43:22,2023-06-22 16:43:49,342
13133,,2011-04-14 15:14:30,2018-01-16 20:28:16,343
8028,,2011-04-14 15:45:12,2018-01-16 21:14:41,343
4372,,2011-04-14 16:00:58,2018-01-17 22:01:50,343
7895,,2011-04-14 16:34:54,2018-01-16 21:43:42,343
8343,,2011-04-14 16:42:23,2018-01-16 22:33:42,343
2949,,2011-04-19 11:08:33,2024-05-07 21:12:09,342
2788,,2011-04-22 10:47:27,2024-05-07 20:43:19,342
4665,,2011-04-22 11:18:25,2024-05-07 22:14:03,342
7736,,2011-04-25 16:24:21,2024-05-07 23:30:46,342
10571,,2011-04-25 16:29:35,2023-06-22 19:25:04,342
13134,,2011-04-25 16:32:50,2024-05-07 21:16:55,342
4028,,2011-04-25 16:40:18,2018-02-11 21:03:02,342
2776,,2011-04-26 16:59:10,2025-01-20 17:43:37,2
2436,,2011-04-28 11:06:37,2020-12-28 2:19:30,342
3074,,2011-04-28 11:23:00,2024-05-08 13:21:51,342
5426,,2011-04-28 11:28:43,2018-01-17 22:43:11,343
3000,,2011-04-28 12:06:23,2022-03-28 13:45:31,342
6505,,2011-04-29 10:13:51,2023-06-22 17:36:52,342
2180,,2011-05-04 10:23:28,2023-11-13 16:38:24,342
6548,,2011-05-04 11:01:21,2021-01-29 17:00:45,342
9753,,2011-05-04 12:16:04,2024-06-27 15:51:28,2
13135,,2011-05-05 12:14:23,2021-02-03 19:27:17,2
6493,,2011-05-19 11:34:28,2019-01-29 20:34:36,342
5436,,2011-05-19 11:42:46,2023-06-22 17:05:02,342
7815,,2011-05-23 11:55:10,2020-12-11 16:19:58,342
8782,,2011-05-23 12:21:31,2025-07-18 21:00:34,2
7601,,2011-05-23 16:15:35,2021-01-09 16:04:37,2
10372,,2011-05-23 16:31:04,2021-01-31 14:34:42,2
10482,,2011-05-23 16:44:58,2016-10-17 9:43:20,2
10311,,2011-05-23 17:08:43,2024-03-04 15:45:53,2
4727,,2011-05-25 12:19:14,2024-08-19 20:12:40,2
3086,,2011-05-26 14:56:06,2023-06-22 16:29:06,342
6529,,2011-05-26 15:03:10,2018-01-24 18:06:52,342
13139,,2011-06-09 9:51:44,2024-06-17 13:59:36,2
4309,,2011-06-09 14:33:12,2024-05-07 22:07:10,342
10591,,2011-06-14 12:12:56,2022-10-20 18:04:03,342
2926,,2011-06-14 12:21:47,2021-01-26 21:45:31,2
5410,,2011-06-14 12:34:04,2023-06-22 22:37:47,342
4524,,2011-06-14 12:45:42,2023-06-22 22:24:36,342
6634,,2011-06-14 13:23:06,2023-06-22 22:46:33,342
5490,,2011-06-14 13:32:22,2023-11-13 20:02:12,342
2521,,2011-06-14 13:41:12,2022-06-22 21:02:30,342
13140,,2011-06-17 9:57:47,2017-10-11 17:52:27,342
8571,,2011-06-17 13:02:29,2020-08-10 13:17:34,2
9923,,2011-06-21 12:16:35,2023-11-09 16:10:57,342
8177,,2011-06-22 10:23:28,2020-11-04 21:28:35,2
7719,,2011-06-22 10:39:11,2024-05-07 23:30:13,342
10171,,2011-06-22 11:02:57,2023-06-22 19:17:29,342
8539,,2011-06-22 11:08:19,2024-01-25 14:13:38,2
8580,,2011-06-22 11:16:49,2017-09-28 21:39:03,343
9201,,2011-06-29 16:49:05,2025-04-24 15:48:47,2
2996,,2011-06-30 11:35:52,2021-05-13 13:53:42,2
4000,,2011-06-30 12:31:39,2022-02-08 22:47:23,342
7064,,2011-07-05 15:22:43,2021-03-09 16:21:12,342
10892,,2011-07-06 15:09:15,2023-06-22 19:37:04,342
6214,,2011-07-06 16:23:56,2018-07-16 12:34:29,2
5500,,2011-07-11 11:33:42,2019-01-30 15:41:27,342
10199,,2011-07-22 18:57:46,2021-01-05 17:40:35,2
2810,,2011-07-22 19:05:37,2020-04-21 16:27:20,2
8562,,2011-07-28 15:27:33,2023-06-22 22:57:52,342
8609,,2011-07-28 15:32:55,2017-10-12 16:58:22,343
8610,,2011-07-28 15:37:08,2017-10-12 19:20:19,343
8563,,2011-07-29 16:40:21,2023-06-22 18:25:02,342
8575,,2011-07-29 16:42:58,2022-02-28 19:04:25,2
1908,,2011-07-29 19:00:27,2021-01-23 16:47:03,2
13141,,2011-07-29 22:48:34,2024-05-08 13:22:15,342
3200,,2011-08-02 17:57:50,2024-05-07 21:15:18,342
8549,,2011-08-02 22:15:16,2024-05-07 23:34:29,342
8612,,2011-08-03 18:31:27,2023-10-04 18:34:21,2
12547,,2011-08-04 21:51:29,2023-06-23 0:42:49,342
3153,,2011-08-05 16:52:36,2023-06-22 16:30:12,342
9190,,2011-08-25 22:18:19,2025-07-21 17:54:20,342
8986,,2011-08-30 18:19:46,2025-07-21 14:43:11,2
13142,,2011-09-01 19:06:31,2021-02-03 19:42:12,2
13143,,2011-09-01 19:11:07,2024-05-08 13:24:14,342
13145,,2011-09-01 20:16:06,2023-06-22 19:52:21,342
13146,,2011-09-01 20:28:31,2024-05-08 13:23:32,342
4478,,2011-09-01 20:42:45,2023-06-22 22:23:19,342
8538,,2011-09-07 20:03:14,2024-12-13 15:28:13,2
3020,,2011-09-15 23:53:20,2025-04-25 14:15:56,2
10832,,2011-09-16 23:25:16,2021-01-05 17:19:54,2
9383,,2011-09-20 21:45:59,2024-05-31 19:03:16,2
10068,,2011-09-23 22:51:40,2025-07-25 17:16:56,2
8578,,2011-09-27 22:06:32,2022-02-28 17:38:05,342
10828,,2011-10-01 1:53:30,2024-12-30 14:57:40,2
4077,,2011-10-19 2:08:47,2017-10-10 20:32:37,343
2931,,2011-10-19 2:20:30,2021-03-10 19:30:47,2
2495,,2011-10-19 2:31:08,2021-02-16 15:21:25,2
4196,,2011-10-19 2:41:14,2020-08-14 15:23:55,2
2409,,2011-10-19 2:48:55,2023-10-31 17:10:02,342
7874,,2011-10-22 0:11:05,2023-06-22 18:11:30,342
8397,,2011-10-22 3:36:02,2023-06-22 18:19:18,342
13147,,2011-10-25 15:16:02,2017-10-11 18:25:20,342
4259,,2011-10-28 19:07:20,2024-05-07 22:04:55,342
4141,,2011-10-31 20:04:18,2019-01-29 19:51:16,342
4314,,2011-11-02 20:11:58,2018-07-26 16:20:56,342
2661,,2011-11-04 15:26:17,2025-02-05 15:24:27,2
4140,,2011-11-10 20:14:22,2023-06-22 16:40:48,342
2740,,2011-11-11 16:44:07,2019-05-08 13:57:45,2
7130,,2011-11-30 23:37:26,2017-09-27 18:44:58,343
11258,,2011-12-02 19:56:14,2021-02-17 16:56:47,2
8964,,2011-12-13 17:52:56,2024-09-09 13:22:16,2
6856,,2011-12-15 19:24:42,2020-07-17 16:46:33,2
2118,,2011-12-15 21:19:49,2024-05-07 20:32:59,342
10673,,2011-12-15 21:26:29,2023-12-01 21:27:27,2
10678,,2011-12-15 21:40:07,2023-12-01 21:28:35,2
8618,,2011-12-15 21:44:52,2023-12-01 21:25:11,2
10676,,2011-12-15 21:49:29,2023-12-01 21:30:23,2
8631,,2011-12-21 16:51:02,2017-10-13 19:03:19,343
8551,,2011-12-21 17:26:58,2023-06-22 22:57:22,342
8630,,2011-12-21 17:38:45,2021-03-19 17:42:43,342
8566,,2011-12-21 17:52:08,2024-05-29 18:23:32,2
8629,,2011-12-21 17:56:01,2023-06-22 23:03:39,342
8543,,2011-12-21 18:16:31,2017-09-28 21:06:45,343
8596,,2011-12-22 20:10:20,2023-07-12 20:27:51,342
8617,,2011-12-22 20:16:31,2023-06-22 23:00:57,342
8603,,2011-12-22 20:24:05,2022-02-10 19:24:20,342
8584,,2011-12-22 20:36:04,2021-01-05 17:22:15,2
8616,,2011-12-22 20:42:19,2017-10-12 19:23:54,343
13148,,2011-12-23 17:50:42,2024-05-08 13:25:13,342
13149,,2011-12-23 17:54:30,2017-11-15 16:01:25,2
11432,,2011-12-23 18:07:10,2023-06-22 23:31:50,342
13150,,2011-12-23 18:52:29,2021-02-03 19:47:08,2
10827,,2011-12-27 19:35:19,2023-06-22 23:29:49,342
4986,,2011-12-27 19:39:29,2023-06-22 22:28:01,342
4987,,2011-12-27 19:42:55,2021-01-05 17:17:40,2
13151,,2011-12-27 19:46:07,2021-01-05 17:21:02,2
13152,,2011-12-27 19:54:19,2023-06-23 0:55:34,342
4659,,2011-12-28 21:19:13,2023-06-22 22:25:36,342
9601,,2011-12-28 21:27:13,2025-01-06 21:08:58,2
9062,,2012-01-12 22:13:45,2023-06-22 23:06:38,342
10413,,2012-01-13 17:10:37,2025-06-11 14:08:33,2
5871,,2012-03-12 17:33:07,2020-07-01 17:44:39,342
8625,,2012-03-20 17:33:24,2024-05-17 11:49:59,2
13157,,2012-03-20 18:57:48,2018-05-23 19:07:50,343
8567,,2012-03-20 19:03:23,2023-06-22 22:59:41,342
9985,,2012-03-26 17:20:53,2024-08-22 14:39:42,2
10580,,2012-03-27 15:58:44,2023-12-08 0:53:03,342
2784,,2012-04-19 17:01:18,2024-05-07 20:41:01,342
9712,,2012-04-19 17:18:12,2023-06-22 23:12:09,342
8633,,2012-05-01 23:03:06,2017-10-13 19:30:36,343
8585,,2012-05-01 23:14:43,2017-09-29 20:35:34,343
8600,,2012-05-01 23:21:45,2017-09-29 21:52:26,343
8583,,2012-05-01 23:30:58,2024-12-13 17:08:00,2
8624,,2012-05-01 23:39:13,2021-01-09 16:06:53,2
13163,,2012-05-07 18:06:25,2023-06-23 0:57:53,342
13162,,2012-05-07 18:14:23,2024-05-08 13:25:49,342
10422,,2012-05-07 19:01:39,2023-06-22 23:21:22,342
9546,,2012-05-07 19:10:19,2023-11-13 20:13:48,342
13164,,2012-06-04 18:35:00,2022-01-06 20:07:46,342
13165,,2012-06-04 18:45:57,2025-01-02 12:45:30,2
6670,,2012-06-26 19:39:02,2017-09-26 17:00:35,343
6667,,2012-06-26 20:12:51,2023-06-22 22:49:35,342
3062,,2012-06-26 20:18:30,2023-06-22 21:53:26,342
3061,,2012-06-26 20:23:07,2023-06-22 21:53:03,342
8860,,2012-06-26 20:31:01,2023-06-22 23:04:24,342
2527,,2012-06-26 20:37:34,2021-02-24 22:07:43,2
8861,,2012-06-26 20:46:27,2024-05-07 23:36:04,342
5791,,2012-07-19 15:28:00,2023-06-22 22:41:09,342
10412,,2012-07-19 15:41:33,2023-11-13 16:23:47,342
9213,,2012-07-19 16:12:17,2024-09-16 14:26:15,2
2506,,2012-07-19 18:47:01,2024-07-09 18:39:17,342
2758,,2012-07-19 19:00:53,2023-06-22 19:56:40,342
2943,,2012-07-19 19:27:54,2021-03-10 19:32:34,2
9525,,2012-07-26 14:27:03,2023-06-22 23:10:07,342
3758,,2012-07-26 15:29:29,2018-02-26 16:54:36,342
1930,,2012-07-26 15:54:12,2021-01-24 18:34:29,2
10452,,2012-07-26 16:09:38,2023-06-22 23:22:21,342
10462,,2012-07-26 16:32:38,2023-06-22 23:28:47,342
10470,,2012-07-26 16:42:55,2023-11-09 12:27:48,342
5164,,2012-07-31 14:25:58,2025-05-06 16:35:25,2
9884,,2012-07-31 14:40:51,2023-06-22 23:14:05,342
5166,,2012-07-31 14:50:21,2023-06-22 22:33:36,342
8536,,2012-07-31 15:02:20,2023-06-22 22:54:32,342
11487,,2012-07-31 15:18:56,2023-06-22 23:33:03,342
11488,,2012-07-31 15:27:29,2019-04-10 20:27:03,342
11491,,2012-07-31 15:33:18,2023-06-22 22:32:17,342
11426,,2012-07-31 15:39:13,2023-06-22 23:30:48,342
11489,,2012-07-31 15:46:33,2023-06-22 23:33:27,342
11866,,2012-08-16 17:43:33,2021-01-26 21:43:35,2
9355,,2012-08-16 18:21:50,2024-05-07 23:39:59,342
3712,,2012-09-04 18:23:57,2024-05-07 21:18:08,342
3708,,2012-09-04 18:32:18,2024-05-07 21:17:32,342
1575,,2012-09-04 18:43:56,2021-01-22 16:33:49,2
9873,,2012-09-04 18:58:30,2023-06-22 23:12:52,342
2755,,2012-09-04 19:57:04,2021-02-24 22:16:38,2
3134,,2012-09-04 20:14:18,2024-05-07 21:14:13,342
3730,,2012-09-04 20:32:58,2023-06-22 21:54:11,342
3733,,2012-09-04 20:37:23,2023-06-22 21:56:31,342
6419,,2012-09-04 20:44:08,2023-06-22 22:44:45,342
3734,,2012-09-04 20:48:35,2023-06-22 21:58:22,342
3735,,2012-09-04 21:23:58,2023-07-12 20:26:53,342
3738,,2012-09-04 21:27:07,2023-06-22 21:59:31,342
3739,,2012-09-04 21:35:57,2023-06-22 22:00:19,342
13166,,2012-09-05 15:15:58,2021-01-07 20:03:27,2
13167,,2012-09-05 15:27:48,2023-06-23 0:54:45,342
9593,,2012-09-17 20:19:13,2022-04-26 14:36:02,2
13169,,2012-09-17 20:25:24,2017-10-13 14:22:25,342
13170,,2012-09-17 21:01:24,2021-01-09 16:06:07,2
11490,,2012-09-17 21:06:47,2023-06-22 23:33:55,342
9622,,2012-09-17 21:16:52,2023-11-12 14:53:58,342
2845,,2012-09-17 21:40:06,2023-09-22 2:52:13,342
11883,,2012-09-18 15:54:37,2021-01-26 21:42:45,2
13171,,2012-09-18 17:26:49,2021-01-07 20:02:05,2
13173,,2012-09-18 19:17:24,2023-06-23 0:59:53,342
11444,,2012-10-16 15:50:29,2021-01-09 15:37:17,2
10373,,2012-10-16 21:48:55,2024-05-07 23:45:52,342
5041,,2012-10-17 16:54:50,2023-06-22 22:29:59,342
5044,,2012-10-17 16:59:45,2023-06-22 22:31:06,342
11445,,2012-10-17 17:04:42,2023-10-31 20:28:49,342
13174,,2012-10-17 17:12:19,2021-01-06 15:18:06,2
4125,,2012-10-17 17:37:38,2017-08-08 10:00:18,2
4221,,2012-10-17 17:46:01,2023-06-22 22:16:54,342
4222,,2012-10-17 18:02:46,2023-06-22 22:19:41,342
4223,,2012-10-17 18:10:37,2023-06-22 22:22:16,342
4228,,2012-10-22 20:12:02,2022-03-01 21:20:40,2
5897,,2012-10-25 17:41:58,2022-11-16 17:23:13,342
5479,,2012-10-25 18:01:07,2021-01-05 20:07:54,2
5889,,2012-10-25 18:48:22,2024-05-07 22:42:01,342
8069,,2012-10-26 17:54:12,2023-06-22 18:13:39,342
7105,,2012-10-26 18:09:55,2023-06-22 17:52:13,342
6731,,2012-10-26 18:17:48,2023-06-22 17:45:35,342
6622,,2012-10-26 18:26:05,2023-06-22 17:54:52,342
6760,,2012-10-26 18:41:49,2023-06-22 17:46:05,342
4607,,2012-10-26 18:54:21,2023-06-22 16:57:23,342
8184,,2012-10-26 18:59:38,2017-10-10 19:46:25,343
4720,,2012-10-26 19:18:29,2023-06-22 16:57:59,342
3769,,2012-10-26 21:04:45,2023-06-22 16:37:22,342
6025,,2012-10-26 21:15:21,2019-01-17 18:59:01,342
5910,,2012-10-26 21:25:45,2023-06-22 17:05:38,342
3080,,2012-10-26 21:31:43,2023-06-22 16:22:32,342
2974,,2012-10-26 21:42:29,2021-05-06 14:29:07,2
11435,,2013-01-07 17:03:41,2023-06-22 19:46:29,342
9588,,2013-01-07 17:16:18,2023-06-22 19:15:37,342
10093,,2013-01-14 15:53:54,2020-06-22 13:38:23,2
5801,,2013-01-14 18:11:12,2019-12-10 17:23:26,2
2662,,2013-01-15 17:14:01,2023-11-13 19:45:37,342
3753,,2013-01-15 17:34:04,2022-12-05 13:53:56,2
3064,,2013-01-15 20:26:16,2018-03-01 16:24:05,342
13175,,2013-01-15 20:32:45,2021-01-26 22:04:57,2
6099,,2013-01-15 20:42:00,2023-06-22 22:42:16,342
3296,,2013-01-15 20:57:07,2019-01-17 19:33:51,342
13176,,2013-01-15 21:04:39,2021-01-26 22:03:51,2
13177,,2013-01-15 21:09:38,2021-01-26 21:59:01,2
6045,,2013-01-16 16:31:33,2023-06-22 17:07:57,342
7170,,2013-01-16 16:50:29,2019-01-17 19:13:29,342
7171,,2013-01-16 17:00:56,2023-06-22 17:54:22,342
7172,,2013-01-16 17:17:23,2023-06-22 17:55:37,342
11443,,2013-02-19 21:38:29,2023-06-22 19:48:27,342
7559,,2013-02-19 21:44:23,2017-09-28 17:42:58,343
12906,,2013-02-19 21:50:19,2023-11-12 14:55:51,342
13178,,2013-02-20 17:30:29,2022-06-22 19:14:30,342
5048,,2013-02-25 18:08:39,2023-06-22 16:58:42,342
5078,,2013-02-25 18:13:02,2019-03-19 16:06:17,2
5024,,2013-02-25 18:17:11,2023-06-22 22:28:34,342
9589,,2013-02-25 18:33:53,2017-10-13 21:22:28,343
9203,,2013-02-25 18:39:16,2025-02-05 20:35:26,2
1852,,2013-02-26 20:06:58,2024-05-07 20:30:51,342
2392,,2013-02-26 21:45:15,2017-10-11 20:21:40,2
2399,,2013-02-26 21:51:02,2019-02-15 19:10:59,342
13179,,2013-02-26 21:56:50,2024-05-08 13:29:39,342
2393,,2013-02-26 22:11:07,2022-06-22 19:48:46,342
13180,,2013-02-27 15:43:14,2021-01-26 21:46:30,2
3307,,2013-02-27 16:11:48,2022-02-11 22:53:32,2
10169,,2013-03-15 15:24:24,2023-10-31 20:28:04,342
2441,,2013-03-15 15:36:57,2021-01-06 15:21:36,2
6037,,2013-03-15 17:51:24,2025-02-13 15:36:59,2
7945,,2013-03-15 18:08:21,2024-05-07 23:31:47,342
10957,,2013-03-25 15:03:47,2023-06-22 19:41:26,342
1564,,2013-03-25 16:08:42,2021-01-22 16:30:12,2
6729,,2013-03-25 19:55:46,2024-05-07 22:54:37,342
6635,,2013-03-25 20:16:32,2024-05-07 22:53:14,342
6185,,2013-03-25 20:29:57,2023-06-22 17:34:22,342
9929,,2013-03-28 20:55:25,2024-05-07 23:43:45,342
11427,,2013-03-29 15:04:48,2022-04-26 14:26:36,2
11632,,2013-03-29 16:03:55,2024-05-08 12:41:15,342
11731,,2013-03-29 16:20:17,2023-11-10 20:56:47,2
13181,,2013-03-29 16:31:48,2017-10-13 14:37:10,342
11569,,2013-04-22 15:28:37,2024-05-08 12:11:47,342
11575,,2013-04-22 15:49:04,2017-11-20 14:20:59,342
13168,,2013-04-22 19:03:51,2023-06-22 19:53:08,342
3049,,2013-04-22 19:11:51,2020-08-18 12:58:31,342
1903,,2013-04-22 19:16:42,2024-05-07 20:32:26,342
2029,,2013-05-02 20:15:56,2025-06-04 15:33:03,342
1831,,2013-05-03 18:34:05,2021-01-22 19:52:30,2
6010,,2013-05-03 19:25:07,2024-12-20 15:15:19,2
5790,,2013-05-03 20:09:27,2023-06-22 22:40:46,342
13186,,2013-05-03 20:27:00,2023-11-14 2:44:38,342
6491,,2013-05-03 20:55:34,2023-06-22 17:35:53,342
6895,,2013-05-03 21:06:15,2021-01-09 16:08:47,2
7767,,2013-05-14 20:46:15,2025-01-15 15:52:54,2
13187,,2013-05-14 21:07:09,2024-03-20 15:44:40,2
13188,,2013-05-15 14:14:47,2018-01-22 23:43:27,343
3010,,2013-05-15 18:38:47,2021-01-09 14:42:38,2
8975,,2013-05-15 19:18:24,2023-04-05 14:30:45,342
9052,,2013-05-15 19:45:12,2023-11-13 18:45:39,342
1901,,2013-06-03 18:39:19,2021-01-22 19:55:15,2
1902,,2013-06-03 18:57:51,2022-06-22 19:07:25,342
9703,,2013-06-03 19:35:00,2022-03-16 17:04:48,342
13195,,2013-06-03 19:52:12,2021-02-04 16:33:34,2
13182,,2013-06-03 19:59:10,2021-02-04 16:30:42,2
6788,,2013-06-06 15:17:54,2023-06-22 22:51:15,342
3107,,2013-06-18 13:35:55,2020-06-19 13:36:04,2
11603,,2013-06-19 7:42:51,2023-06-22 23:35:40,342
5099,,2013-06-19 8:12:20,2025-06-13 12:40:41,2
5115,,2013-06-19 8:43:52,2021-01-09 14:46:12,2
5117,,2013-06-19 8:50:32,2021-01-06 19:35:13,2
13196,,2013-07-01 9:08:01,2024-11-19 16:52:22,2
9513,,2013-07-03 10:02:30,2023-06-22 23:09:09,342
13191,,2013-07-03 10:14:40,2021-01-26 21:56:18,2
13190,,2013-07-03 10:33:01,2021-01-26 21:55:40,2
13189,,2013-07-03 10:49:13,2021-01-26 21:54:49,2
9935,,2013-07-03 11:01:03,2023-12-18 20:55:33,2
9158,,2013-10-02 7:49:37,2023-06-22 23:07:08,342
13197,,2013-10-03 7:57:43,2017-10-13 19:27:52,342
10457,,2013-10-03 12:51:29,2023-06-22 23:25:41,342
5338,,2013-12-09 9:02:43,2024-05-07 22:24:48,342
3957,,2013-12-16 9:24:15,2023-06-22 16:38:31,342
6393,,2013-12-16 9:45:41,2023-06-22 17:34:49,342
4359,,2013-12-18 8:51:48,2017-09-15 14:35:17,343
2181,,2013-12-18 8:59:42,2021-01-24 18:35:33,2
6161,,2013-12-18 9:33:39,2023-06-22 17:09:00,342
6502,,2013-12-20 13:22:10,2023-06-22 22:45:37,342
6928,,2013-12-20 13:34:22,2023-06-22 22:52:28,342
6198,,2013-12-23 8:35:14,2023-06-22 22:44:09,342
6929,,2013-12-23 9:35:55,2023-06-22 17:46:27,342
7876,,2013-12-23 9:46:54,2023-06-22 19:53:35,342
7877,,2013-12-23 11:54:25,2023-06-22 18:11:55,342
7169,,2014-01-02 9:49:24,2024-05-07 23:28:07,342
11417,,2014-01-02 10:40:27,2023-06-22 19:42:31,342
8459,,2014-01-02 10:56:48,2025-05-27 16:59:18,342
2730,,2014-01-02 11:17:36,2022-06-22 23:12:59,342
5328,,2014-01-02 12:15:51,2023-06-22 17:03:05,342
10202,,2014-01-02 13:32:35,2023-06-22 19:18:02,342
1628,,2014-01-06 11:01:52,2025-05-27 22:35:51,342
10857,,2014-01-06 12:18:17,2023-06-22 19:34:03,342
2330,,2014-01-07 10:28:02,2016-06-21 16:51:32,2
6935,,2014-01-07 11:02:49,2023-06-22 17:51:06,342
6940,,2014-01-07 11:31:24,2023-06-22 17:51:36,342
5121,,2014-01-15 11:40:10,2024-05-07 22:16:51,342
5120,,2014-01-15 11:50:09,2023-06-22 17:00:39,342
5122,,2014-01-15 12:10:00,2023-06-22 17:02:13,342
2504,,2014-01-15 13:22:22,2025-05-27 15:29:48,342
13198,,2014-01-16 9:21:51,2016-03-22 12:17:06,2
10623,,2014-01-22 7:57:29,2023-06-22 19:29:37,342
4224,,2014-01-22 8:32:59,2024-05-07 22:04:24,342
4225,,2014-01-22 8:49:17,2023-06-22 16:42:33,342
10644,,2014-01-22 8:58:19,2023-06-23 1:01:05,342
4227,,2014-01-22 9:14:04,2023-06-22 16:43:01,342
2997,,2014-01-24 10:47:33,2025-06-05 12:27:26,2
2483,,2014-01-24 11:44:17,2021-02-12 16:06:26,2
13199,,2014-01-24 12:17:33,2023-06-22 19:54:59,342
2578,,2014-01-24 12:29:38,2021-02-24 22:09:45,2
2577,,2014-01-24 13:40:24,2021-02-24 22:08:55,2
7232,,2014-02-27 15:40:55,2023-06-22 17:56:06,342
7294,,2014-03-03 11:16:29,2021-01-31 14:51:43,2
13183,,2014-03-03 12:37:19,2023-06-23 1:00:22,342
8079,,2014-03-03 13:06:57,2023-06-22 18:14:02,342
2896,,2014-03-03 13:37:47,2021-03-10 19:21:37,2
6668,,2014-03-27 14:29:41,2023-11-13 20:15:44,342
13205,,2014-04-07 13:48:46,2024-12-18 14:23:33,2
13206,,2014-04-08 9:00:56,2025-01-24 14:54:48,2
6580,,2014-04-11 7:49:25,2024-05-07 22:52:52,342
9693,,2014-04-11 10:58:40,2023-06-22 19:16:35,342
4380,,2014-04-11 11:29:04,2023-06-22 16:44:44,342
4163,,2014-04-11 11:54:51,2017-10-11 20:34:42,2
10394,,2014-04-14 8:53:02,2023-06-22 19:23:06,342
11299,,2014-05-08 12:09:00,2023-06-22 23:30:16,342
3906,,2014-05-08 13:16:11,2023-06-22 22:17:51,342
7523,,2014-05-08 13:47:32,2024-05-07 23:29:20,342
3907,,2014-05-09 11:53:47,2024-05-07 21:29:57,342
7040,,2014-05-09 12:49:33,2020-01-03 19:59:58,2
5349,,2014-05-20 9:39:37,2018-02-06 21:11:07,342
5849,,2014-05-20 10:48:37,2024-05-07 22:41:37,342
13217,,2014-05-20 11:29:44,2017-10-13 19:34:14,342
3762,,2014-05-20 13:23:42,2022-01-28 17:21:22,2
7775,,2014-05-20 14:01:00,2025-04-17 12:59:28,342
13220,,2014-06-09 12:57:26,2024-05-13 16:11:44,342
13221,,2014-06-09 13:10:40,2024-05-08 13:30:20,342
13222,,2014-06-10 7:51:59,2017-10-13 19:55:15,342
12785,,2014-06-16 8:42:50,2024-05-08 13:30:47,342
10548,,2014-07-16 16:13:08,2018-01-23 20:49:43,343
3902,,2014-09-05 11:04:45,2024-05-07 21:27:13,342
3903,,2014-09-05 11:32:15,2019-12-11 16:06:54,2
3904,,2014-09-05 11:43:25,2019-12-11 15:16:30,2
7069,,2014-09-08 16:12:16,2023-06-22 22:53:14,342
13202,,2014-09-08 16:50:03,2024-05-07 23:47:17,342
13203,,2014-09-09 12:16:25,2024-05-07 23:47:40,342
13201,,2014-09-09 13:11:57,2018-03-01 15:39:39,342
2469,,2014-09-09 13:31:16,2018-03-01 15:41:48,342
13225,,2014-09-16 13:25:12,2017-10-13 20:00:14,342
13204,,2014-09-22 10:56:48,2022-04-26 14:27:29,2
10146,,2014-09-22 12:17:07,2023-11-13 20:33:29,342
11003,,2014-09-22 16:27:23,2025-06-12 19:00:14,2
13226,,2014-10-07 14:30:49,2019-12-11 15:04:58,2
5924,,2014-10-09 14:11:21,2016-03-02 16:43:00,2
10898,,2014-10-09 14:18:42,2017-09-27 18:29:00,343
5926,,2014-10-09 14:24:58,2016-03-02 16:51:49,2
5928,,2014-10-09 14:33:41,2021-01-09 14:43:21,2
5927,,2014-10-09 14:49:38,2024-05-07 22:42:34,342
12264,,2014-10-09 15:05:44,2016-03-02 16:31:47,2
12340,,2014-10-09 15:10:18,2016-03-02 16:59:36,2
8651,,2014-10-29 12:29:05,2023-03-29 16:46:46,342
8650,,2014-10-29 12:50:17,2024-05-15 19:34:37,2
5151,,2014-10-31 11:44:51,2019-12-11 15:04:02,2
13227,,2014-10-31 11:54:32,2019-12-11 15:02:25,2
5159,,2014-10-31 15:24:37,2019-12-11 15:01:08,2
13228,,2014-10-31 15:32:26,2024-05-08 13:31:51,342
13229,,2014-10-31 15:40:39,2019-12-11 14:57:03,2
13230,,2014-11-24 15:21:32,2018-01-23 23:14:10,343
13231,,2014-11-24 15:52:44,2017-10-13 20:17:39,342
5997,,2014-11-24 16:19:42,2024-05-07 22:42:56,342
13232,,2014-11-24 16:26:50,2017-10-13 20:22:22,342
13233,,2014-12-02 11:01:38,2024-05-08 13:32:49,342
13234,,2014-12-02 11:40:32,2024-04-09 18:36:05,2
13235,,2014-12-02 11:56:31,2019-11-04 15:55:08,2
13236,,2014-12-02 12:13:56,2019-11-04 15:53:24,2
13237,,2014-12-02 13:49:41,2019-11-04 15:51:37,2
13238,,2014-12-02 13:57:50,2018-01-22 21:38:59,342
13239,,2014-12-02 14:06:19,2018-02-26 17:28:29,342
13240,,2014-12-02 14:28:41,2024-05-08 13:33:09,342
13241,,2014-12-02 15:01:57,2019-11-01 15:32:45,2
13242,,2014-12-02 15:29:31,2019-11-01 15:31:00,2
10878,,2014-12-04 12:02:44,2019-11-01 15:29:29,2
2665,,2014-12-04 15:09:12,2019-10-31 13:44:38,2
9690,,2014-12-15 13:42:28,2023-11-10 18:09:20,342
61,,2014-12-19 10:09:48,2017-09-26 13:34:01,2
620,,2014-12-19 10:20:54,2019-10-31 13:42:54,2
6147,,2014-12-19 11:30:13,2019-10-30 19:50:49,2
2561,,2014-12-19 11:54:19,2017-10-11 20:22:56,2
2606,,2014-12-19 12:16:37,2017-10-11 20:25:11,2
6578,,2014-12-19 12:37:00,2016-07-12 15:46:01,2
6134,,2014-12-19 13:10:26,2019-10-30 19:48:32,2
9394,,2015-01-15 11:12:39,2023-12-21 21:25:19,2
1869,,2015-02-12 11:49:59,2018-01-22 23:53:14,343
6412,,2015-02-26 11:35:13,2023-06-22 17:35:18,342
7718,,2015-02-26 14:09:21,2023-06-22 17:58:01,342
5795,,2015-03-02 18:03:35,2025-06-05 12:33:41,2
12405,,2015-04-08 16:51:02,2024-05-08 12:51:54,342
6721,,2015-04-08 17:01:27,2015-04-08 17:03:35,2
6138,,2015-04-10 15:36:26,2023-06-22 22:43:31,342
7551,,2015-04-21 11:55:45,2022-04-28 12:13:06,2
8085,,2015-04-24 14:13:33,2022-03-09 15:11:24,342
13404,,2015-04-24 14:33:04,2024-04-09 18:38:55,2
13423,,2015-04-24 14:44:02,2016-12-05 17:33:44,343
13425,,2015-05-04 15:40:52,2024-07-09 19:02:44,342
9287,,2015-05-05 11:58:06,2015-05-05 14:44:43,2
13426,,2015-05-05 13:56:23,2021-12-08 16:44:45,342
13427,,2015-05-05 15:17:13,2021-12-08 16:48:26,342
13428,,2015-05-05 15:22:05,2016-12-05 17:30:35,343
2314,,2015-05-19 11:40:54,2023-06-21 1:53:03,2
3194,,2015-05-19 12:01:26,2018-01-22 20:54:48,342
3204,,2015-05-19 12:28:16,2015-05-19 13:36:18,2
3189,,2015-05-19 12:58:48,2015-05-21 16:16:28,2
3191,,2015-05-19 13:09:19,2023-05-22 14:55:02,2
4327,,2015-05-19 13:19:52,2024-05-07 22:07:54,342
3208,,2015-05-19 13:27:45,2023-09-19 11:55:46,2
1974,,2015-05-19 13:34:33,2019-10-28 14:32:09,342
7545,,2015-05-26 17:07:25,2015-06-16 15:10:03,2
13429,,2015-05-28 13:44:25,2015-05-28 14:02:39,2
13430,,2015-05-28 14:42:22,2015-05-28 14:43:03,2
13431,,2015-05-28 15:27:50,2024-05-08 13:33:41,342
13432,,2015-05-28 15:58:53,2015-05-28 15:59:05,2
13433,,2015-05-28 16:25:28,2015-05-28 16:25:43,2
13434,,2015-05-28 17:03:37,2016-07-12 15:47:20,2